id,from_perf_id,type,to_perf_id,notes
2371,3,>,4,
1,4,->,5,
2,7,>,8,
2372,8,->,9,
3,9,->,10,
4,11,->,12,
5,12,->,13,
6,13,>,14,
7,14,>,15,
8,16,->,17,
9,17,>,18,
10,18,>,19,
11,19,>,20,
12,22,>,23,
13,23,->,24,
14,26,->,27,
15,28,->,29,
16,30,->,31,
17,32,>,33,
18,33,->,34,
2414,34,->,35,
19,35,>,36,
20,36,>,38,
22,38,>,39,
23,39,>,40,
2415,40,>,41,
25,43,->,44,
26,45,->,46,
27,46,>,47,
28,49,->,50,
29,50,->,51,
30,51,->,52,
31,52,->,53,
32,55,->,56,
33,56,>,57,
34,58,->,59,
2413,59,->,60,
35,61,>,62,
36,62,>,63,
37,63,->,64,
38,64,->,65,
39,66,->,67,
40,67,>,68,
41,68,>,70,
43,70,>,71,
44,71,>,72,
45,72,>,73,
46,75,->,76,
47,79,->,80,
48,81,>,82,
49,82,>,83,
50,84,>,85,
51,85,>,86,
52,86,->,87,
53,88,->,89,
54,91,->,92,
55,92,->,93,
56,95,->,96,
2340,96,>,97,
57,103,->,104,
58,104,->,105,
59,106,->,107,
60,107,->,108,
61,108,->,109,
62,110,->,111,
63,111,->,112,
64,113,->,114,
65,114,->,115,
66,117,->,118,
67,118,->,119,
68,119,>,120,
69,120,>,122,
71,122,>,123,
72,123,>,124,
73,124,>,125,
74,126,->,127,
75,127,->,128,
76,131,->,132,
77,133,->,134,
78,135,->,136,
79,137,->,138,
80,138,->,139,
81,139,->,142,
84,142,->,143,
85,143,>,144,
86,144,>,145,
87,145,>,146,
88,147,->,148,
89,149,->,150,
90,150,->,151,
91,151,->,152,
92,154,->,155,
93,155,->,156,
94,156,->,157,
95,157,->,158,
96,158,->,159,
97,159,>,160,
98,160,->,166,
104,172,>,173,
105,174,>,175,
106,175,>,176,
107,177,->,178,
108,178,->,179,
109,179,->,180,
110,180,->,181,
111,181,->,182,
112,184,->,185,
113,185,->,186,
114,186,->,187,
115,187,->,188,
116,188,->,189,
117,190,->,191,
118,194,->,195,
119,197,->,201,
123,201,->,202,
124,202,->,203,
125,205,->,206,
126,207,->,208,
127,208,>,209,
128,212,->,213,
129,213,->,214,
130,214,->,215,
131,215,>,216,
132,219,->,222,
135,222,->,223,
136,223,->,224,
137,226,->,227,
138,228,->,229,
139,230,>,231,
140,231,>,232,
141,232,->,233,
142,233,->,234,
143,236,>,237,
144,238,>,239,
145,240,->,241,
146,241,>,242,
147,242,->,243,
148,243,>,244,
149,244,>,245,
150,245,>,246,
151,248,->,249,
152,249,->,250,
153,251,->,252,
154,252,->,253,
155,253,->,254,
157,256,>,257,
158,257,>,258,
159,259,->,260,
160,260,->,261,
161,263,->,264,
162,265,->,266,
163,267,->,270,
166,271,->,272,
167,272,->,273,
168,273,->,274,
169,274,->,275,
170,275,>,276,
171,276,>,277,
172,277,>,1,
174,279,>,280,
175,280,>,281,
176,281,>,282,
177,284,->,285,
178,286,->,287,
179,288,->,289,
180,289,>,290,
181,292,->,293,
182,293,->,294,
183,294,>,295,
184,295,->,296,
185,296,->,297,
186,298,->,299,
187,299,>,300,
188,302,>,303,
189,304,>,305,
190,308,->,309,
191,309,->,310,
192,310,->,311,
193,313,>,314,
194,316,>,317,
195,317,>,318,
196,318,->,319,
197,320,->,321,
198,321,->,322,
199,323,->,324,
200,324,->,325,
201,325,->,326,
202,326,->,327,
203,327,>,328,
204,329,>,330,
205,330,>,332,
207,332,>,333,
208,333,>,334,
209,334,>,335,
210,337,->,338,
212,342,->,343,
213,346,->,347,
214,347,->,349,
216,349,->,350,
217,350,->,351,
2348,355,->,356,
2349,356,>,357,
2350,360,->,361,
2351,361,->,362,
2352,363,->,364,
2346,365,->,366,
218,367,>,368,
219,368,>,369,
220,370,>,371,
221,371,>,372,
222,372,>,373,
223,373,>,374,
224,374,>,375,
225,375,>,376,
226,376,>,377,
227,377,>,378,
228,378,>,379,
229,380,>,381,
230,381,>,382,
231,382,->,383,
232,383,->,384,
233,384,->,385,
234,387,>,388,
235,388,>,389,
236,389,>,390,
237,390,>,391,
238,391,>,392,
239,395,>,396,
240,396,->,398,
242,401,->,402,
243,403,->,404,
245,404,->,406,
246,406,->,407,
247,407,->,408,
248,410,>,411,
249,411,>,412,
250,412,>,413,
251,414,>,415,
252,424,>,425,
253,425,->,427,
254,427,->,428,
255,428,>,429,
256,430,>,431,
263,432,->,433,
264,433,->,434,
265,434,->,435,
266,435,->,436,
267,437,->,438,
257,439,>,440,
258,440,>,441,
259,441,>,442,
260,442,->,443,
261,443,>,444,
262,445,>,446,
268,447,->,448,
269,448,->,449,
270,449,->,451,
272,451,->,452,
273,452,>,453,
274,453,>,454,
275,455,->,456,
2353,456,->,457,
2354,457,->,458,
2355,458,->,459,
2356,459,>,460,
276,466,>,467,
277,470,->,471,
278,471,->,472,
279,472,->,473,
280,473,->,474,
281,477,->,478,
282,478,->,479,
283,483,->,484,
284,484,>,485,
285,486,->,487,
286,487,->,488,
287,488,->,489,
288,489,->,490,
289,491,>,492,
290,492,->,493,
291,493,->,494,
292,494,->,495,
293,495,->,496,
295,499,>,500,
296,504,>,505,
297,505,>,506,
298,506,>,507,
299,507,>,508,
300,508,>,509,
301,509,>,510,
303,515,->,516,
304,516,->,518,
306,518,>,519,
307,519,>,520,
2419,520,->,521,TRUE
309,521,->,522,
310,522,>,523,
311,523,>,524,
313,527,->,528,
314,528,->,529,
308,530,->,531,
315,531,->,532,
316,532,->,533,
319,536,->,537,
320,537,->,538,
321,538,->,539,
322,539,->,540,
323,541,->,542,
2416,542,>,3650,FALSE
324,546,->,547,
325,547,->,548,
326,548,>,549,
327,551,->,552,
328,553,->,554,
329,554,->,555,
330,555,->,556,
331,561,->,562,
332,563,->,564,
333,564,->,565,
334,566,>,567,
335,568,>,569,
336,569,>,570,
338,576,>,577,
339,577,>,578,
340,578,>,579,
341,579,>,580,
342,580,>,581,
343,581,>,582,
344,582,->,583,
345,583,->,584,
347,587,->,588,
348,588,->,589,
349,590,>,591,
350,591,>,592,
351,604,>,605,
352,605,>,606,
353,606,->,607,
354,607,>,610,
357,610,>,611,
358,611,->,612,
359,613,->,615,
361,615,>,616,
362,616,->,618,
364,618,->,621,
368,627,>,628,
369,629,>,630,
370,631,>,632,
371,633,>,634,
372,637,->,638,
373,639,>,640,
374,640,>,641,
375,643,->,644,
376,644,->,645,
382,653,->,655,
384,655,->,656,
385,656,->,657,
386,657,->,658,
387,658,>,659,
388,659,->,660,
390,662,->,663,
391,663,->,664,
394,667,>,668,
395,668,->,669,
397,673,->,674,
398,675,>,676,
399,676,->,677,
400,677,->,678,
401,678,->,679,
402,680,->,681,
404,688,>,689,presumptive (no known recordings)
405,689,>,690,presumptive (no known recordings)
406,690,>,691,presumptive (no known recordings)
409,695,>,696,presumptive (no known recordings)
411,711,>,712,presumptive (no known recordings)
412,712,>,713,presumptive (no known recordings)
413,720,->,721,
414,722,->,723,
415,724,>,725,
416,725,>,726,
417,726,->,727,
418,728,>,729,
419,729,>,730,
420,733,>,734,
421,734,->,735,
422,736,>,737,
423,737,->,738,
424,738,>,739,
430,745,>,748,
433,749,->,750,
435,754,>,755,
436,757,->,758,
437,758,>,759,
438,759,>,760,
439,760,>,761,
440,761,->,762,
441,762,->,763,
442,764,->,765,
443,766,->,767,
444,767,->,768,
445,768,->,769,
446,769,->,770,
447,770,->,771,
448,771,->,772,
449,774,->,775,
450,776,>,777,
451,779,->,780,
452,780,->,781,
453,783,->,784,
454,784,->,785,
455,785,->,786,
456,786,>,787,
457,787,>,788,
458,791,->,792,
459,792,>,793,
460,793,>,794,
461,795,>,796,
462,797,>,798,
463,798,->,799,
464,799,->,800,
465,800,->,801,
466,802,>,803,
467,804,>,805,
468,806,>,807,
469,807,->,808,
470,808,->,809,
471,809,->,810,
472,810,->,811,
473,811,->,813,
475,813,->,815,
477,815,>,816,
478,816,->,819,
481,819,>,820,
484,824,>,825,
485,825,->,826,
486,826,->,827,
487,828,->,829,
490,832,>,833,
491,833,->,834,
492,835,->,836,
493,836,->,837,
494,837,->,838,
495,842,->,843,
496,843,->,844,
497,844,->,845,
498,846,>,847,
499,847,>,848,
500,848,>,849,
501,849,>,850,
502,850,>,851,
503,851,>,852,
504,853,>,854,
505,854,>,855,
506,855,>,856,
507,856,->,857,
508,857,->,858,
509,858,>,859,
510,859,>,860,
511,860,>,861,
512,861,>,862,
513,864,>,865,
514,866,->,867,
515,867,>,868,
516,868,->,869,
517,869,->,870,
518,871,->,872,
520,872,->,884,
519,873,>,874,
521,875,>,876,
522,876,->,877,
523,877,>,878,
524,879,>,880,
525,880,>,881,
526,882,>,883,
527,885,>,886,
528,887,->,888,
529,888,>,889,
530,889,>,890,
531,890,>,891,
532,892,->,893,
533,893,>,894,
534,894,>,895,
535,895,>,896,
536,896,->,897,
537,901,->,902,
538,902,->,903,
539,904,->,905,
540,905,>,906,
541,906,>,907,
542,907,>,908,
543,908,->,909,
544,911,>,912,
545,912,->,913,
546,913,->,914,
547,914,>,915,
548,915,>,916,
549,916,>,917,
550,920,->,921,
551,922,->,923,
552,925,->,926,
553,926,>,927,
554,927,->,928,
555,928,->,929,
556,929,>,930,
562,938,>,939,
563,939,>,940,
566,944,>,945,
567,948,>,949,
568,949,>,950,
569,950,>,951,
570,951,>,952,
572,954,->,955,
573,955,->,956,
574,956,->,957,
575,958,>,959,
576,967,->,968,
577,968,>,969,
578,969,>,970,
579,970,>,971,
580,972,>,973,
581,973,>,974,
582,974,>,975,
583,975,>,976,
584,976,>,977,
585,977,>,978,
586,978,>,979,
587,979,>,980,
588,980,>,981,
589,984,->,986,
591,986,>,987,
592,987,->,989,
594,993,>,994,
595,994,>,995,
596,995,>,996,
597,996,>,997,
598,997,->,999,
600,1001,->,1002,
601,1002,>,1003,
603,1010,->,1011,
604,1012,->,1013,
605,1013,->,1014,
606,1014,->,1015,
607,1015,->,1017,
609,1017,->,1018,
610,1018,->,1019,
611,1019,>,1020,
612,1023,->,1024,
613,1024,->,1025,
614,1025,->,1026,
615,1026,>,1027,
616,1027,>,1028,
617,1028,>,1029,
618,1029,->,1030,
619,1031,->,1032,
620,1035,>,1036,
621,1036,>,1037,
622,1038,->,1039,
623,1040,->,1041,
624,1041,->,1042,
625,1042,>,1043,
626,1047,->,1048,
627,1048,>,1049,
628,1049,>,1050,
629,1051,->,1052,
630,1052,->,1053,
631,1054,>,1055,
632,1055,->,1056,
633,1058,->,1059,
635,1063,->,1064,
636,1064,->,1065,
639,1068,->,1069,
640,1069,->,1070,
641,1072,>,1073,
642,1075,->,1076,
643,1078,->,1079,
644,1079,->,1080,
645,1080,->,1081,
646,1081,->,1082,
647,1082,->,1083,
648,1083,->,1084,
649,1084,->,1085,
650,1085,->,1086,
651,1087,>,1088,
652,1088,->,1089,
653,1089,>,1090,
654,1090,->,1091,
655,1091,>,1092,
656,1094,->,1095,
657,1095,->,1096,
658,1096,->,1097,
659,1097,->,1098,
660,1098,->,1099,
661,1099,>,1100,
662,1101,->,1102,
663,1102,->,1103,
664,1103,->,1104,
665,1104,->,1105,
666,1105,>,1106,
667,1106,->,1107,
668,1107,->,1108,
669,1108,>,1109,
670,1109,>,1110,
671,1110,>,1111,
672,1111,>,1112,
673,1112,>,1113,
674,1113,>,1114,
675,1116,->,1117,
676,1117,->,1118,
677,1119,->,1120,
678,1120,>,1121,
679,1122,>,1123,
680,1124,->,1125,
681,1128,>,1129,
2396,1132,->,1133,
2397,1133,>,1134,
2398,1134,->,1135,
2399,1135,->,1136,
2400,1136,->,1137,
2401,1140,->,1141,
2403,1142,>,1143,
2404,1143,>,1144,
2405,1144,>,1145,
682,1147,->,1148,
683,1148,->,1149,
684,1149,>,1150,
685,1151,>,1152,
686,1152,->,1153,
687,1153,->,1154,
688,1155,>,1156,
689,1156,->,1157,
690,1157,>,1158,
691,1158,->,1159,
692,1159,->,1160,
693,1161,>,1162,
694,1163,->,1164,
695,1166,>,1167,
696,1167,->,1168,
697,1168,->,1169,
698,1169,>,1170,
699,1170,>,1171,
700,1171,>,1172,
701,1173,>,1174,
702,1175,->,1176,
703,1176,->,1177,
704,1177,->,1178,
705,1178,->,1179,
706,1179,->,1180,
707,1180,->,1181,
709,1184,->,1185,
710,1186,>,1187,
711,1187,->,1188,
712,1192,->,1193,
713,1193,>,1194,
714,1194,>,1195,
715,1195,>,1196,
716,1196,>,1197,
717,1197,>,1198,
718,1198,>,1199,
719,1199,>,1200,
720,1200,->,1202,
722,1203,>,1206,
725,1207,->,1208,
726,1208,>,1209,
727,1209,->,1210,
728,1210,->,1211,
729,1212,->,1213,
730,1214,>,1215,
731,1215,->,1216,
732,1220,>,1221,
733,1221,>,1222,
734,1222,>,1223,
735,1223,>,1224,
736,1226,>,1227,
737,1227,>,1228,
738,1228,>,1229,
739,1229,>,1230,
740,1252,->,1253,
741,1253,->,1254,
742,1255,>,1256,
743,1256,->,1257,
744,1257,->,1258,
745,1262,>,1263,
746,1263,>,1264,
747,1264,->,1265,
748,1265,->,1266,
749,1266,->,1267,
750,1267,->,1268,
751,1269,>,1270,
752,1270,>,1271,
753,1271,>,1272,
754,1275,->,1276,
755,1276,>,1277,
756,1277,->,1278,
757,1278,>,1279,
758,1279,>,1281,
760,1281,>,1282,
761,1282,>,1283,
762,1283,>,1284,
763,1284,>,1285,
764,1285,->,1286,
765,1288,->,1289,presumptive
766,1290,>,1291,
767,1291,>,1292,
768,1292,>,1293,
769,1294,>,1295,
770,1295,>,1297,
772,1297,>,1298,
773,1298,>,1299,
774,1299,>,1300,
775,1301,->,1302,
776,1302,>,1303,
777,1304,->,1305,
778,1305,->,1306,
779,1306,>,1307,
780,1307,>,1308,
781,1308,>,1309,
784,1313,->,1314,
785,1314,->,1315,
786,1315,->,1316,
787,1316,>,1317,
788,1317,->,1318,
789,1318,->,1319,
790,1319,>,1320,
791,1320,>,1321,
792,1321,>,1322,
793,1322,>,1323,
794,1323,>,1324,
795,1324,>,1325,
796,1325,>,1326,
797,1326,>,1327,
798,1327,>,1328,
799,1329,->,1330,
800,1330,->,1331,
801,1331,->,1332,
802,1332,->,1333,
803,1333,>,1334,
804,1334,>,1335,
805,1336,->,1337,
806,1337,>,1338,
807,1338,>,1339,
808,1343,->,1344,
809,1344,->,1345,
810,1345,->,1346,
811,1346,->,1347,
812,1347,->,1348,
813,1354,->,1355,
814,1355,->,1356,
815,1356,->,1357,
816,1358,->,1359,
817,1359,->,1360,
818,1361,->,1362,
819,1363,->,1364,
820,1365,->,1367,
822,1368,->,1369,
823,1372,>,1373,
824,1373,>,1375,
826,1375,>,1376,
827,1376,>,1377,
828,1377,>,1378,
830,1380,->,1381,
831,1381,>,1382,
832,1382,->,1383,
833,1383,>,1384,
836,1390,->,1391,
837,1391,->,1392,
838,1393,->,1394,
839,1397,->,1398,
840,1398,>,1399,
841,1399,->,1400,
842,1400,>,1401,
843,1401,>,1402,
844,1402,>,1403,
845,1403,->,1404,
846,1408,>,1409,
847,1409,>,1410,
848,1410,>,1411,
849,1411,>,1412,
850,1413,>,1414,
851,1415,>,1416,
852,1416,>,1417,
853,1417,>,1418,
854,1418,>,1419,
855,1419,>,1420,
856,1422,->,1423,
857,1423,->,1424,
858,1424,>,1425,
859,1425,->,1426,
860,1427,>,1428,
861,1428,>,1429,
863,1443,>,1444,
864,1444,->,1445,
865,1445,>,1446,
867,1448,->,1449,
868,1450,->,1451,
869,1451,>,1452,
870,1452,>,1453,
871,1453,>,1454,
872,1454,>,1455,
873,1455,->,1456,
874,1456,->,1457,
875,1458,>,1459,
876,1460,->,1461,
877,1461,->,1462,
878,1463,>,1464,
879,1465,->,1466,
880,1467,->,1468,
881,1468,->,1469,
882,1469,->,1472,
885,1472,>,1473,
886,1473,>,1474,
887,1474,>,1475,
888,1475,>,1476,
889,1476,>,1477,
890,1477,>,1478,
891,1478,>,1479,
892,1479,->,1480,
893,1480,->,1481,
894,1482,->,1483,
895,1484,>,1485,
896,1485,->,1486,
897,1486,->,1487,
898,1488,->,1489,
899,1489,->,1490,
900,1490,->,1491,
901,1491,->,1511,
902,1492,->,1493,
903,1493,->,1494,
906,1495,->,1496,
907,1496,->,1497,
908,1497,->,1498,
909,1498,->,1499,
910,1499,->,1500,
911,1501,->,1502,
912,1504,->,1505,
913,1505,->,1506,
914,1506,->,1507,
915,1507,>,1508,
916,1508,>,1509,
904,1511,->,1512,
905,1512,->,1492,
917,1513,>,1514,
918,1514,->,1515,
919,1515,->,1516,
920,1516,->,1517,
921,1517,->,1518,
922,1518,->,1519,
923,1519,->,1520,
924,1520,->,1521,
925,1521,->,1522,
926,1522,->,1523,
927,1524,->,1525,
928,1525,->,1526,
929,1526,>,1527,
930,1527,>,1528,
931,1528,>,1529,
932,1529,>,1530,
933,1530,>,1531,
934,1531,>,1532,
935,1532,->,1533,
936,1534,->,1535,
937,1535,->,1536,
938,1536,->,1537,
939,1537,->,1538,
940,1539,->,1540,
941,1540,>,1541,
942,1542,>,1543,
943,1544,->,1545,
944,1546,->,1547,
945,1547,->,1550,
948,1551,->,1552,
949,1553,->,1556,
952,1556,->,1557,
953,1557,->,1558,
954,1558,->,1559,
955,1559,->,1560,
956,1560,->,1561,
957,1562,->,1563,
958,1563,->,1564,
959,1564,->,1565,
960,1565,->,1566,
961,1567,->,1568,
962,1570,->,1571,
963,1571,->,1572,
964,1572,->,1573,
965,1573,->,1574,
966,1576,->,1577,
967,1577,->,1578,
968,1578,>,1579,
969,1579,->,1580,
970,1580,->,1581,
971,1581,->,1582,
972,1582,>,1583,
973,1583,->,1584,
974,1584,->,1585,
975,1591,->,1592,first acoustic segue??
976,1592,->,1593,
977,1593,->,1597,
982,1599,->,1602,
985,1602,->,1603,
986,1603,->,1604,
987,1606,->,1607,
988,1608,->,1609,
989,1609,->,1610,
990,1610,>,1611,
991,1613,->,1614,
992,1614,>,1615,
993,1616,->,1617,
994,1617,->,1618,
995,1618,>,1620,
997,1620,->,1621,
998,1621,->,1622,
999,1622,->,1623,
1002,1625,->,1626,
1003,1626,->,1627,
1004,1627,->,1628,
1005,1628,->,1629,
1006,1631,->,1632,
1007,1632,>,1633,
1008,1633,>,1634,
1009,1636,->,1637,
1010,1637,->,1638,
1011,1638,->,1639,
1012,1639,->,1640,
1013,1641,->,1642,
1014,1642,->,1643,
1015,1643,->,1644,
1016,1644,->,1645,
1017,1645,->,1646,
1018,1646,->,1647,
1019,1647,->,1648,
1020,1648,->,1649,
1021,1649,->,1650,
1022,1650,->,1651,
1023,1651,>,1652,
1025,1655,->,1656,
1026,1656,->,1657,
1027,1657,>,1658,
1028,1658,->,1659,
1029,1660,->,1661,
1030,1662,>,1663,
1031,1663,->,1664,
1032,1664,->,1665,
1033,1665,->,1666,
1034,1667,->,1668,
1035,1668,->,1669,
1036,1669,->,1670,
1037,1670,>,1671,
1038,1671,>,1672,
1039,1672,>,1673,
1040,1673,>,1674,
1041,1674,>,1675,
1042,1675,>,1676,
1043,1676,>,1677,
1044,1678,->,1679,
1045,1679,>,1680,
1046,1684,->,1685,
1047,1685,->,1686,
1048,1686,>,1687,
1049,1687,->,1688,
1050,1689,>,1690,
1051,1690,>,1691,
1052,1691,->,1692,
1053,1692,->,1693,
1054,1693,->,1694,
1055,1694,>,1695,
1056,1695,>,1696,
1057,1696,>,1697,
1058,1697,>,1698,
1064,1704,>,1705,
1065,1706,->,1707,
1066,1707,->,1708,
1067,1708,->,1709,
1068,1709,->,1710,
1069,1710,->,1711,
1070,1711,->,1712,
1071,1712,->,1713,
1072,1713,>,1714,
1073,1714,->,1715,
1074,1715,->,1716,
1075,1716,->,1717,
1076,1717,->,1718,
1077,1719,->,1720,
1078,1720,->,1721,
1079,1721,->,1722,
1080,1722,->,1723,
1081,1723,>,1724,
1082,1725,->,1726,
1083,1727,->,1728,
1084,1728,->,1729,
1085,1729,->,1730,
1086,1731,->,1732,
1087,1732,>,1733,
1088,1733,>,1734,
1089,1735,>,1736,
1090,1737,>,1738,
1091,1738,>,1739,
1092,1741,->,1742,
1093,1742,->,1743,
1094,1743,->,1744,
1095,1744,->,1745,
1096,1745,->,1746,
1097,1746,->,1747,
1098,1747,>,1748,
1099,1748,>,1749,
1100,1749,>,1750,
1101,1755,->,1756,
1102,1756,>,1757,
1103,1757,>,1758,
1104,1758,->,1759,
1105,1762,->,1765,
1108,1765,->,1766,
1109,1766,->,1767,
1110,1767,->,1768,
1111,1771,->,1772,
1112,1772,->,1773,
1113,1774,->,1775,
1114,1775,>,1776,
1118,1781,>,1782,
1119,1782,->,1784,
1121,1784,->,1785,
1122,1785,->,1787,
1124,1788,>,1789,
1125,1790,>,1791,
1127,1793,->,1794,
1128,1794,->,1795,
1129,1795,->,1796,
1132,1799,>,1800,
1133,1801,>,1802,
1134,1803,>,1804,
1135,1804,->,1807,
1138,1807,>,1808,
1139,1808,>,1809,
1140,1809,>,1812,
1143,1812,>,1813,
1144,1813,>,1814,
1145,1814,>,1815,
1146,1815,>,1816,
1147,1816,>,1817,
1149,1820,->,1821,
1150,1821,->,1822,
1151,1822,->,1823,
1152,1823,->,1824,
1153,1824,->,1825,
1154,1827,->,1828,
1155,1828,->,1829,
1156,1829,>,1830,
1157,1830,->,1831,
1158,1831,>,1832,
1159,1832,->,1833,
1160,1835,->,1836,
1161,1837,->,1838,
1162,1838,->,1839,
1163,1840,->,1841,
1164,1841,->,1842,
1165,1842,->,1843,
1167,1845,->,1847,
1169,1847,->,1848,
1170,1848,->,1849,
1171,1850,->,1851,
1172,1852,>,1853,
1173,1854,>,1855,
1174,1858,>,1859,
1175,1859,->,1861,
1177,1861,->,1862,
1178,1862,->,1863,
1179,1863,->,1865,
1181,1865,->,1866,
1183,1868,->,1869,
1184,1869,->,1870,
1185,1870,->,1871,
1186,1871,->,1872,
1187,1872,->,1877,
1192,1892,>,1893,
1193,1893,->,1894,
1194,1894,>,1895,
1195,1895,->,1896,
1196,1896,->,1897,
1197,1897,->,1898,
1198,1898,>,1899,
1199,1899,>,1900,
1200,1900,->,1901,
1201,1901,->,1902,
1202,1903,->,1904,
1203,1904,>,1905,
1204,1906,->,1907,
1205,1907,->,1908,
1206,1909,->,1910,
1207,1912,>,1913,
1208,1913,->,1914,
1209,1914,->,1915,
1210,1915,->,1916,
1211,1916,->,1917,
1212,1917,>,1918,
1213,1918,>,1919,
1214,1921,->,1922,
1215,1923,->,1924,
1216,1924,->,1925,
1217,1925,->,1926,
1218,1926,->,1927,
1219,1927,>,1928,
1220,1928,>,1930,
1222,1930,>,1931,
1223,1931,>,1932,
1224,1932,>,1933,
1225,1933,>,1934,
1226,1934,>,1935,
1231,1944,->,1945,
1232,1945,->,1946,
1233,1946,->,1947,
1234,1947,->,1948,
1235,1948,->,1949,
1236,1949,->,1950,
1237,1950,->,1951,
1238,1951,->,1952,
1239,1952,->,1953,
1240,1953,->,1954,
1241,1955,->,1956,
1242,1956,->,1957,
1243,1957,>,1958,
1244,1958,->,1959,
1245,1959,->,1960,
1246,1960,->,1961,
1247,1961,>,1962,
1248,1964,>,1965,
1249,1965,->,1966,
1250,1966,>,1967,
1251,1967,>,1968,
1252,1969,->,1970,
1253,1971,>,1972,
1254,1973,->,1974,
1255,1974,->,1975,
1256,1975,->,1976,
1257,1978,>,1979,
1258,1979,>,1980,
1259,1980,->,1981,
1260,1981,->,1982,
1261,1982,>,1983,
1262,1983,->,1984,
1263,1985,->,1986,
1264,1986,->,1987,
1265,1987,->,1988,
1266,1988,->,1989,
1267,1989,->,1993,
1269,1990,->,1991,
1268,1993,>,1990,
1270,1994,->,1995,
1271,1995,->,1996,
1272,1996,->,1998,
1273,1999,->,2000,
1274,2001,>,2002,
1275,2002,->,2003,
1276,2003,->,2004,
1277,2004,>,2005,
1278,2005,->,2006,
1279,2006,->,2007,
1280,2007,->,2008,
1281,2008,->,2009,
1282,2009,->,2010,
1283,2011,->,2012,
1284,2012,->,2013,
1285,2013,->,2014,
1286,2015,->,2016,
1287,2018,->,2019,
1288,2019,->,2020,
1289,2021,->,2022,
1290,2022,->,2023,
1291,2023,->,2024,
1292,2026,->,2027,
1293,2028,->,2031,
1296,2031,->,2032,
1297,2032,->,2033,
1298,2035,->,2036,
1299,2036,>,2037,
1300,2038,->,2039,
1301,2039,->,2040,
1302,2040,->,2041,
1303,2041,->,2042,
1304,2042,>,2043,
1305,2043,->,2044,
1306,2044,->,2045,
1307,2045,->,2046,
1308,2050,->,2051,
1309,2051,->,2052,
1310,2052,->,2053,
1311,2053,->,2054,
1312,2054,->,2055,
1313,2056,->,2057,
1314,2057,->,2058,
1315,2058,->,2059,
1316,2059,->,2060,
1317,2060,->,2061,
1318,2061,>,2062,
1319,2062,->,2063,
1320,2065,->,695,presumptive (no known recordings)
1321,2066,->,2067,
1322,2067,>,2068,
1323,2069,->,2070,
1324,2070,->,2071,
1325,2071,->,2072,
1326,2073,->,2074,
1327,2074,->,2075,
1328,2075,>,2076,
1329,2076,->,2077,
1330,2077,>,2078,
1331,2085,>,2086,presumptive (no known recordings)
1337,2094,>,2095,presumptive (no known recordings)
1338,2099,->,2100,
1339,2100,->,2101,
1340,2104,->,2105,
1341,2105,->,2106,
1342,2106,>,2107,
1343,2108,>,2109,
1344,2109,->,2110,
1353,2113,>,2114,
1346,2114,->,2116,
1348,2117,->,2118,
1349,2118,->,2119,
1350,2119,->,2120,
1351,2120,->,2121,
1352,2122,->,2123,
1354,2123,->,2135,
1355,2124,>,2125,
1356,2125,->,2127,
1358,2127,->,2128,
1359,2128,->,2129,
1360,2129,->,2130,
1361,2130,>,2131,
1362,2136,->,2137,
1363,2138,>,2139,
1364,2139,>,2140,
1365,2140,->,2141,
1366,2141,->,2142,
1367,2142,->,2143,
1368,2143,->,2144,
1369,2145,->,2146,
1370,2146,->,2147,
1371,2147,>,2148,
1372,2148,->,2149,
1373,2149,>,2150,
1374,2150,>,2151,
1375,2152,>,2153,
1376,2153,>,2154,FTP
1377,2154,->,2155,
1378,2155,->,2156,
1379,2156,->,2157,
1380,2157,->,2158,
1381,2158,->,2159,
1382,2159,->,2160,
1383,2160,->,2161,
1384,2162,>,2163,
1385,2165,->,2166,
1386,2166,->,2167,
1387,2167,->,2168,
1388,2168,->,2169,
1389,2169,->,2170,
1390,2170,->,2171,
1391,2172,->,2173,
1392,2173,->,2174,
1393,2174,>,2175,
1394,2176,->,2177,
1395,2177,->,2178,
1396,2178,->,2179,
1397,2181,->,2182,
1398,2182,->,2183,
1399,2183,->,2184,
1400,2184,->,2185,
1401,2185,->,2186,
1402,2186,->,2187,
1403,2187,->,2188,
1404,2190,>,2191,
1405,2191,>,2192,
1406,2192,>,2193,
1407,2193,>,2195,
1409,2195,>,2196,
1410,2196,>,2197,
1411,2197,>,2198,
1412,2200,->,2201,
1413,2201,->,2203,
1415,2203,->,2204,
1416,2204,->,2205,
1417,2205,->,2206,
1418,2206,->,2207,
1419,2207,->,2208,
1421,2211,->,2213,
1423,2213,>,2214,
1424,2214,->,2215,
1425,2215,->,2216,
1426,2216,->,2217,
1427,2217,->,2218,
1428,2218,->,2219,
1430,2222,>,2223,
1431,2225,->,2226,
1432,2227,->,2229,
1435,2231,->,2232,
1436,2233,>,2235,
1438,2235,->,2236,
1439,2236,->,2238,
1441,2238,->,2239,
1443,2241,->,2242,
1445,2244,->,2245,
1446,2245,>,2247,
1448,2247,->,2248,
1449,2248,>,2249,
1450,2250,->,2251,
1451,2251,->,2252,
1452,2252,->,2253,
1453,2253,->,2254,
1454,2254,->,2255,
1455,2255,->,2256,
2408,2264,->,2265,
2409,2265,->,2266,
2410,2266,->,2267,
2412,2267,->,2268,
2411,2268,>,2269,
1456,2272,>,2273,
1457,2273,->,2274,
1458,2274,->,2275,
1459,2275,->,2276,
1460,2276,->,2277,
1461,2277,>,2278,
1462,2278,>,2279,
1463,2279,>,2280,
1464,2280,>,2281,
1465,2281,>,2282,
1466,2282,>,2283,
1467,2283,>,2293,
1468,2284,>,2285,
1469,2285,>,2286,
1470,2286,>,2287,
1471,2287,->,2288,
1472,2288,->,2289,
1473,2289,->,2290,
1474,2294,->,2295,
1475,2295,->,2296,
1476,2296,->,2297,
1477,2297,->,2298,
1478,2298,->,2299,
1479,2299,>,2300,
1480,2301,>,2302,
1481,2303,->,2304,
1482,2304,->,2305,
1483,2305,->,2306,
1484,2306,->,2307,
1485,2307,>,2308,
1486,2310,->,2311,
1487,2312,->,2313,
1488,2314,>,2315,
1489,2315,->,2316,
1490,2317,>,2318,
1491,2318,->,2319,
1492,2319,->,2320,
1493,2320,->,2321,
1494,2321,->,2322,
1495,2322,->,2323,
1496,2323,>,2324,
1497,2325,->,2326,
1498,2326,->,2327,
1499,2328,->,2329,
1501,2331,>,2332,
1502,2332,>,2333,
1503,2334,>,2335,
1504,2335,>,2336,
1505,2337,->,2338,
1506,2338,>,2339,
1507,2339,->,2340,
1508,2340,->,2341,
1509,2341,>,2342,
1510,2342,->,2343,
1511,2345,->,2346,
1512,2346,>,2347,
1513,2347,->,2348,
1514,2348,>,2349,
1515,2349,>,2350,
1516,2350,>,2351,
1519,2351,->,2352,
1517,2353,->,2354,
1518,2356,>,2357,
1520,2357,->,2358,
1521,2358,>,2359,
1522,2359,>,2360,
1523,2360,>,2361,
1524,2361,>,2362,
1525,2362,>,2363,
1526,2363,>,2364,
1527,2387,->,2388,
1528,2388,>,2389,
1529,2389,->,2391,
1531,2391,->,2393,
1533,2393,->,2394,
1534,2394,>,2395,
1536,2397,>,2398,
1537,2398,>,2399,
1538,2399,>,2400,
1539,2400,>,2401,
1540,2401,>,2402,
1541,2402,>,2403,
1542,2405,>,2406,
1543,2406,->,2407,
1544,2407,->,2408,
1545,2408,>,2409,
1546,2409,>,2410,
1547,2412,->,2413,
1548,2413,>,2414,
1549,2414,>,2415,
1550,2415,->,2416,
1551,2416,->,2417,
1552,2417,>,2418,
1553,2418,->,2419,
1554,2419,->,2420,
1555,2420,->,2421,
1556,2421,->,2422,
1557,2423,>,2424,
1559,2426,->,2427,
1560,2427,->,2429,
1562,2429,->,2430,
1759,2429,->,2430,
1563,2430,->,2431,
1760,2430,->,2431,
1564,2431,>,2432,
1565,2432,->,2433,
1566,2436,->,2437,
1567,2437,>,2438,
1568,2438,->,2439,first? 'backwards' H>S>F
1569,2439,->,2440,first? 'backwards' H>S>F
1570,2440,>,2445,
1571,2441,->,2443,
1573,2445,->,2441,
1574,2446,->,2447,
1575,2447,->,2448,
1576,2448,->,2449,
1577,2449,->,2450,
1578,2453,->,2455,
1580,2455,>,2456,
1581,2456,->,2457,
1582,2457,->,2458,
1583,2458,->,2459,
1584,2461,->,2462,
1586,2465,->,2466,
1587,2468,->,2469,
1588,2469,->,2470,
1589,2470,->,2472,
1591,2472,->,2473,
1592,2475,>,2476,
1593,2476,>,2477,
1594,2477,->,2478,
1595,2478,>,2479,
1596,2479,->,2480,
1598,2484,->,2485,
1599,2485,->,2486,
1600,2486,->,2487,
1601,2487,->,2488,
1602,2490,->,2491,
1603,2491,->,2492,
1604,2492,->,2493,
1605,2493,->,2494,
1606,2494,->,2495,
1608,2499,>,2500,
1609,2500,>,2501,
1610,2502,>,2503,
1614,2508,->,2510,
1617,2516,>,2517,
1618,2517,->,2518,
1620,2518,->,2519,
1621,2524,>,2525,
1622,2526,->,2527,
1623,2527,>,2528,
1624,2531,->,2532,
1625,2533,->,2535,
1627,2537,->,2538,
1628,2538,->,2539,
1629,2539,->,2540,
1630,2540,>,2541,
1631,2541,>,2542,
1632,2542,>,2543,
1633,2543,>,2544,
1634,2544,>,2545,
1635,2545,>,2546,
1636,2546,>,2547,
1637,2548,->,2549,
1638,2550,->,2551,
1639,2551,>,2552,
1640,2553,>,2554,
1641,2554,->,2555,
1642,2556,->,2557,
1643,2557,>,2558,
1644,2558,>,2559,
1645,2559,->,2560,
1646,2560,->,2561,
1648,2563,->,2565,
1647,2564,->,2565,
1649,2565,>,2568,
1650,2568,>,2569,
1651,2569,>,2570,
1652,2572,->,2573,
1653,2573,>,2574,
1654,2578,>,2579,
1655,2579,->,2580,
1656,2580,->,2581,
1659,2581,->,2582,
1662,2582,->,2584,
1665,2588,->,2589,
1666,2589,>,2590,
1667,2590,>,2591,
1668,2591,->,2592,
1669,2592,->,2593,
1673,2596,>,2597,
1675,2602,->,2603,
1676,2603,->,2604,
1677,2604,->,2605,
1678,2605,->,2606,
1679,2606,->,2607,
1681,2609,->,2610,
1682,2610,>,2611,
1683,2611,->,2612,
1684,2612,->,2613,
1685,2613,->,2614,
1686,2616,>,2617,
1687,2617,>,2618,
1688,2618,>,2619,
1689,2619,->,2620,
1690,2620,->,2621,
1691,2621,->,2622,
1692,2622,->,2623,
1694,2625,->,2626,
1695,2626,->,2628,
1697,2628,->,2629,
1698,2629,->,2630,
1699,2630,->,2631,
1701,2634,->,2635,
1702,2635,->,2636,
1703,2636,->,2637,
1704,2637,->,2638,
1706,2639,->,2640,
1709,2644,>,2645,
1711,2649,->,2650,
1712,2651,->,2652,
1713,2652,->,2653,
1714,2654,->,2655,
1715,2655,->,2656,
1716,2656,->,2657,
1717,2657,->,2658,
1718,2658,->,2659,
1719,2661,>,2662,
1720,2662,>,2663,
1721,2663,->,2664,
1722,2664,->,2666,
1724,2666,>,2667,
1726,2669,->,2671,
1728,2671,>,2672,
1729,2672,->,2674,
1731,2674,->,2675,
1732,2675,->,2676,
1733,2678,>,2679,
1734,2679,->,2680,
1735,2680,->,2681,
1736,2681,->,2682,
1737,2682,>,2683,
1738,2684,->,2685,"""China->Rider transition teases"""
1739,2685,->,2686,
1740,2686,->,2687,
1741,2687,->,2688,
1742,2688,->,2689,
1743,2689,->,2694,
1748,2690,>,2691,
1749,2692,>,2693,
1744,2694,->,2695,
1745,2695,->,2696,
1746,2696,->,2697,
1747,2697,->,2690,
1751,2699,->,2700,
1752,2700,->,2702,
1754,2702,->,2703,
1755,2703,>,2704,
1756,2704,>,2705,
1757,2705,->,2706,
1761,2708,->,2709,
1762,2709,->,2710,
1763,2710,->,2711,
1764,2712,->,2713,
1765,2713,->,2714,
1766,2714,>,2715,
1767,2718,->,2719,
1768,2720,>,2721,
1769,2721,>,2722,
1770,2722,>,2723,
1771,2723,>,2724,
1772,2724,>,2725,
1773,2725,>,2726,
1774,2726,->,2727,
1775,2729,>,2730,
1776,2730,>,2731,
1777,2731,->,2732,
1778,2732,>,2733,
1779,2733,>,2734,
1781,2736,->,2737,
1782,2737,>,2738,
1783,2738,>,2739,
1784,2739,>,2740,
1785,2740,->,2742,
1787,2742,>,2743,
1788,2743,>,2744,
1790,2745,>,2746,
1791,2746,>,2747,
1792,2747,>,2748,
1793,2752,>,2753,
1794,2753,->,2754,
1795,2754,->,2755,
1796,2755,->,2756,
1797,2756,>,2757,
1798,2760,->,2761,
1799,2761,->,2762,
1800,2763,->,2764,
1801,2765,>,2766,
1803,2767,>,2768,
1804,2769,->,2770,
1805,2770,->,2771,
1806,2771,->,2772,
1802,2773,->,2767,
1807,2774,>,2775,
1808,2776,>,2777,
1809,2777,->,2778,
1810,2780,->,2781,
1811,2781,->,2782,
1812,2782,>,2783,
1813,2783,->,2784,
1814,2784,>,2785,
1815,2785,->,2786,
1816,2786,->,2787,
1817,2788,->,2789,
1818,2789,->,2790,
1819,2790,->,2791,
1820,2791,>,2792,
1821,2793,>,2794,
1822,2796,>,2797,
1823,2797,>,2798,
1824,2798,>,2799,
1825,2799,>,2800,
1826,2800,>,2801,
1827,2801,>,2802,
1828,2803,>,2804,
1829,2804,>,2805,
1830,2805,>,2806,
1831,2806,>,2807,
1832,2808,->,2809,
1833,2809,->,2810,
1834,2810,>,2811,
1835,2811,->,2812,
1836,2812,>,2813,
1837,2814,->,2815,
1838,2815,->,2816,
1839,2816,>,2817,
1840,2817,->,2818,
1841,2818,->,2819,
1842,2820,->,2821,
1843,2821,>,2822,
1844,2822,>,2823,
1845,2823,->,2824,
1846,2824,>,2825,
1847,2825,->,2826,
1848,2826,->,2827,
1849,2828,->,2829,
1850,2829,->,2830,
1851,2831,>,2832,
1852,2832,>,2833,
1853,2833,>,2834,
1854,2834,>,2835,
1855,2835,>,2836,
1856,2836,>,2837,
1857,2837,>,2838,
1858,2838,->,2839,
1859,2841,->,2842,
1860,2843,->,2844,
1861,2844,>,2845,
1862,2845,>,2846,
1863,2847,->,2848,
1864,2848,->,2849,
1865,2849,->,2850,
1866,2850,->,2851,
1867,2853,->,2854,
1868,2854,->,2855,
1869,2855,->,2856,
1870,2856,->,2857,
1871,2858,->,2859,
1872,2859,->,2860,
1873,2861,>,2862,
1874,2862,>,2863,
1875,2863,>,2864,
1876,2866,->,2867,
1877,2868,->,2869,
1878,2869,>,2870,
1879,2870,->,2871,
1880,2872,>,2873,
1881,2874,->,2875,
1882,2883,->,2884,
1883,2885,->,2886,
1884,2886,>,2887,
1885,2887,>,2888,
1886,2893,->,2894,
1887,2894,>,2895,
1888,2896,->,2897,
1889,2897,->,2898,
1890,2898,>,2899,
1891,2900,>,2901,
1892,2901,>,2902,
1893,2902,>,2903,
1894,2903,->,2904,
1895,2904,>,2905,
1896,2905,>,2906,
1897,2906,>,2907,
1898,2907,->,2908,
1899,2908,>,2909,
1900,2909,>,2910,
1901,2910,->,2913,
1902,2911,>,2912,
1903,2912,>,2913,
1904,2913,>,2914,
1905,2916,->,2917,
1906,2917,->,2918,
1907,2918,>,2919,
1908,2919,->,2920,
1909,2921,->,2922,
1910,2922,>,2923,
1911,2923,>,2924,
1912,2925,>,2926,
1913,2926,>,2927,
1914,2927,>,2928,
1915,2930,->,2931,
1916,2931,>,2932,
1917,2932,->,2933,
1918,2933,->,2934,
1919,2934,->,2935,
1920,2936,->,2943,
1921,2938,>,2939,
1922,2939,>,2940,
1923,2943,->,2944,
1924,2944,->,2937,
1925,2946,>,2947,
1926,2947,->,2948,
1927,2948,>,2949,
1928,2950,->,2951,
1929,2951,->,2952,
1930,2952,->,2953,
1931,2953,->,2954,
1932,2954,>,2955,
1933,2955,->,2956,
1934,2958,->,2959,
1935,2959,->,2960,
1936,2963,->,2964,
1937,2964,>,2965,
1938,2965,->,2966,
1939,2966,->,2967,
1940,2967,->,2968,
1946,2975,->,2976,
1947,2976,->,2977,
1948,2977,->,2978,
1949,2978,->,2979,
1950,2979,->,2980,
1951,2980,>,2981,
1952,2982,->,2983,
1953,2983,->,2984,
1954,2984,>,2985,
1955,2985,->,2986,
1956,2986,>,2987,
1957,2987,->,2988,
1958,2988,->,2989,
1959,2990,->,2991,
1960,2991,->,2992,
1961,2993,->,2994,
1962,2994,->,2995,
1963,2997,->,2998,
1964,2998,->,2999,
1965,2999,>,3000,
1966,3000,>,3001,
1967,3002,->,3003,
1968,3003,>,3004,
1969,3004,->,3005,
1970,3005,->,3006,
1971,3006,->,3007,
1972,3007,->,3008,
1973,3008,->,3009,
1974,3010,>,3011,
1975,3011,->,3012,
1976,3012,>,3013,
1977,3013,->,3014,
1978,3014,->,3015,
1979,3016,->,3017,
1980,3017,->,3018,
1981,3019,>,3020,
1982,3020,>,3021,
1983,3021,->,3022,
1984,3023,>,3024,
1985,3024,>,3025,
1986,3025,>,3026,
1987,3026,>,3027,
1988,3028,>,3029,
1989,3029,>,3030,
1990,3031,>,3032,
1991,3033,>,3034,
1992,3034,->,3035,
1993,3035,->,3036,
1994,3037,>,3038,
1995,3041,>,3042,
1996,3043,->,3044,
1997,3044,->,3045,
1998,3045,->,3046,
1999,3048,->,3049,
2000,3049,->,3050,
2001,3050,>,3051,
2002,3051,>,3052,
2003,3052,->,3056,
2004,3056,->,3053,
2005,3057,>,3058,
2006,3058,->,3059,
2007,3061,>,3062,
2008,3062,->,3063,
2009,3064,>,3065,
2010,3065,>,3066,
2011,3068,>,3069,
2012,3069,>,3071,
2014,3071,>,3072,
2015,3072,>,3073,
2016,3073,>,3074,
2017,3075,>,3076,
2018,3084,->,3085,
2019,3086,->,3087,
2020,3089,>,3090,
2021,3090,->,3091,
2022,3092,>,3093,
2023,3093,>,3094,
2024,3094,>,3095,
2025,3096,>,3097,
2026,3097,>,3098,
2027,3098,->,3099,
2028,3099,->,3100,
2029,3100,->,3101,
2030,3103,->,3104,
2031,3104,>,3105,
2032,3105,->,3106,
2033,3106,->,3107,
2034,3107,>,3108,
2035,3109,>,3110,
2036,3110,>,3111,
2037,3111,->,3112,
2038,3112,->,3113,
2039,3113,->,3114,
2040,3114,->,3115,
2041,3116,>,3117,
2042,3118,->,3119,
2043,3119,>,3120,
2044,3122,>,3123,
2045,3124,->,3125,
2046,3125,>,3126,
2047,3127,>,3128,
2048,3128,->,3129,
2049,3132,>,3133,
2050,3133,>,3142,
2053,3135,>,3136,
2054,3136,>,3137,
2055,3137,>,3138,
2056,3139,>,3140,
2057,3140,>,3141,
2058,3141,>,3142,
2051,3142,>,3135,
2059,3143,>,3144,
2060,3146,>,3147,
2061,3147,>,3148,
2062,3148,>,3149,
2063,3152,>,3153,
2064,3153,>,3154,
2065,3154,>,3155,
2066,3155,>,3156,
2067,3156,>,3157,
2417,3162,>,3163,TRUE
2068,3163,>,3164,
2069,3164,>,3165,
2070,3166,>,3167,
2071,3168,>,3169,
2072,3169,>,3192,
2073,3170,>,3193,
2074,3171,>,3172,
2075,3172,>,3173,
2077,3177,>,3178,
2078,3178,->,3179,
2079,3179,>,3180,
2080,3180,>,3181,
2081,3182,->,3183,
2082,3183,->,3184,
2083,3184,->,3185,
2084,3185,->,3186,
2085,3186,->,3187,
2086,3187,->,3188,
2087,3188,>,3189,
2088,3192,->,3170,
2089,3193,->,3171,
2092,3197,>,3198,
2093,3200,->,3201,
2100,3210,->,3211,
2101,3211,>,3212,
2102,3212,>,3213,
2103,3213,->,3214,
2104,3214,>,3215,
2105,3217,>,3218,
2106,3219,->,3220,
2107,3220,>,3221,
2108,3224,>,3225,
2109,3225,>,3226,
2110,3227,>,3228,
2111,3230,>,3231,
2112,3231,>,3232,
2113,3232,>,3233,
2114,3233,>,3234,
2115,3234,>,3235,
2116,3235,>,3236,
2117,3236,>,3237,
2362,3242,>,3243,
2363,3243,>,3244,
2364,3244,>,3245,
2365,3245,->,3246,
2366,3246,->,3247,
2367,3248,>,3249,
2368,3249,->,3250,
2369,3250,>,3251,
2370,3251,->,3252,
2118,3256,>,3257,
2119,3257,>,3258,
2120,3258,->,3259,
2121,3259,>,3260,
2122,3261,->,3262,
2123,3263,->,3264,
2124,3264,->,3265,
2125,3265,->,3266,
2126,3266,->,3267,
2127,3269,->,3270,
2128,3272,>,3273,
2129,3273,->,3274,
2130,3274,>,3275,
2131,3277,>,3278,
2132,3279,->,3280,
2133,3280,->,3281,
2134,3286,>,3287,
2135,3287,->,3288,
2136,3288,->,3289,
2137,3289,->,3290,
2138,3290,>,3291,
2139,3292,->,3293,
2140,3293,>,3294,
2141,3294,>,3295,
2142,3295,->,3296,
2143,3296,->,3297,
2144,3297,>,3298,
2145,3302,>,3303,
2146,3304,>,3305,
2147,3305,>,3306,
2159,3308,->,3309,
2148,3309,->,3310,
2149,3311,->,3312,
2150,3312,->,3313,
2151,3313,->,3314,
2152,3314,->,3315,
2153,3315,>,3316,
2160,3323,->,3324,
2161,3324,>,3325,
2162,3327,>,3328,
2163,3330,->,3331,
2164,3331,->,3332,
2165,3332,>,3333,
2166,3333,->,3334,
2167,3336,>,3337,
2168,3338,->,3341,
2171,3341,>,3342,
2172,3342,>,3343,
2173,3343,>,3344,
2174,3346,->,3347,
2175,3347,->,3348,
2176,3348,->,3349,
2177,3349,->,3350,
2178,3351,->,3352,
2179,3352,>,3353,
2180,3355,>,3356,
2181,3360,->,3361,
2182,3361,->,3362,
2183,3362,->,3363,
2184,3363,->,3364,
2185,3365,>,3366,
2186,3366,->,3367,
2187,3367,->,3368,
2188,3368,->,3369,
2189,3369,->,3370,
2190,3370,->,3371,
2191,3372,>,3373,
2192,3374,>,3375,
2193,3375,>,3376,
2194,3377,>,3378,
2195,3378,->,3379,
2196,3379,>,3380,
2197,3380,>,3381,
2198,3381,>,3382,
2199,3382,>,3383,
2201,3384,->,3385,
2202,3385,->,3386,
2203,3386,>,3387,
2204,3387,->,3388,
2205,3388,->,3389,
2200,3389,>,3390,
2206,3391,->,3392,
2207,3392,->,3393,
2208,3393,->,3394,
2209,3394,>,3395,
2210,3395,>,3396,
2211,3396,->,3397,
2212,3400,->,3401,
2213,3401,->,3402,
2214,3403,->,3404,
2215,3404,->,3405,
2216,3406,->,3407,
2217,3411,->,3412,
2218,3413,->,3414,
2219,3416,->,3417,
2220,3417,>,3418,
2221,3418,>,3419,
2222,3419,>,3420,
2223,3420,>,3421,
2224,3424,->,3425,
2225,3425,->,3426,
2226,3426,->,3427,
2227,3427,>,3428,
2228,3428,>,3429,
2229,3430,->,3431,
2230,3431,->,3432,
2231,3432,->,3433,
2232,3433,->,3434,
2233,3434,->,3435,
2234,3438,>,3439,
2235,3439,->,3440,
2236,3440,>,3441,
2237,3441,>,3442,
2238,3444,>,3445,
2239,3446,->,3447,
2240,3447,->,3448,
2241,3448,>,3449,
2242,3449,>,3450,
2243,3452,>,3453,
2244,3453,->,3454,
2245,3454,>,3455,
2246,3458,>,3459,
2247,3459,->,3460,
2248,3460,->,3461,
2249,3461,->,3462,
2250,3462,->,3463,
2251,3463,->,3464,
2252,3466,>,3467,
2253,3467,>,3482,
2255,3468,>,3469,
2256,3469,>,3483,
2258,3470,>,3471,
2259,3471,>,3472,
2260,3472,>,3473,
2261,3473,>,3474,
2262,3474,>,3475,
2263,3475,>,3476,
2264,3476,>,3477,
2265,3477,>,3478,
2266,3478,>,3479,
2267,3479,>,3480,
2254,3482,>,3468,
2257,3483,>,3470,
2268,3484,->,3485,
2269,3485,>,3486,
2270,3486,->,3487,
2271,3487,->,3488,
2272,3489,->,3490,
2273,3491,>,3492,
2274,3494,->,3495,
2275,3495,>,3496,
2276,3498,>,3499,
2277,3499,->,3500,
2278,3500,->,3501,
2279,3501,->,3502,
2280,3502,>,3503,
2281,3503,->,3504,
2282,3504,>,3505,
2283,3507,->,3508,
2284,3509,->,3510,
2285,3511,>,3512,
2286,3512,>,3513,
2287,3513,->,3514,
2288,3514,>,3515,
2289,3515,>,3516,
2290,3519,->,3520,
2291,3523,->,3524,
2292,3525,->,3526,
2293,3526,->,3527,
2294,3527,>,3528,
2295,3530,->,3531,
2296,3531,->,3532,
2297,3532,->,3533,
2298,3533,>,3534,
2305,3541,>,3542,
2306,3542,>,3543,
2307,3543,->,3544,
2308,3544,->,3545,
2304,3549,>,3550,
2309,3551,>,3552,
2310,3554,->,3555,
2311,3556,->,3557,
2312,3566,>,3567,
2313,3567,->,3568,
2314,3569,->,3570,
2315,3570,>,3571,
2316,3572,->,3573,
2317,3573,>,3574,
2318,3574,->,3575,
2319,3575,->,3576,
2320,3576,->,3577,
2321,3577,->,3578,
2322,3578,>,3579,
2323,3581,>,3582,
2324,3582,>,3583,
2327,3586,>,3587,
2328,3589,>,3590,
2329,3590,->,3591,
2330,3591,->,3592,
2331,3594,->,3595,
2332,3595,->,3596,
2333,3597,->,3598,
2334,3598,>,3599,
2335,3600,->,3601,
2336,3601,->,3602,
2337,3602,>,3603,
2338,3604,->,3607,
2339,3607,->,3605,
2373,3608,->,3609,
2374,3610,>,3611,
2375,3611,->,3612,
2376,3614,->,3615,
2377,3615,->,3616,
2378,3616,->,3617,
2379,3617,>,3618,
2380,3618,>,3619,
2381,3621,->,3622,
2382,3622,->,3623,
2383,3623,->,3624,
2384,3624,->,3625,
2385,3627,>,3628,
2386,3630,>,3631,
2387,3631,->,3632,
2388,3633,->,3634,
2389,3634,->,3635,
2390,3635,->,3636,
2391,3636,->,3637,
2392,3637,->,3638,
2393,3638,->,3639,
2394,3639,->,3640,
2406,3642,->,3643,
2407,3644,->,3645,
2418,3651,->,3652,
2420,3654,->,3655,
2421,3655,->,3656,
2422,3658,->,3659,
2423,3661,->,3662,
2424,3662,>,3663,
2425,3663,>,3664,
2426,641,>,642,
2427,3668,>,3669,
2428,3670,>,3671,
2429,3671,->,3672,
2430,3672,->,3673,
2431,3675,>,3676,
2432,3676,->,3677,
2433,3677,>,3678,
2434,3678,->,3679,
2435,3681,->,3682,
2436,3682,->,3683,
2437,3683,->,3684,
2438,3684,->,3685,
2440,3686,->,3687,
2441,3687,>,3688,
2442,3689,->,3690,
2443,3690,->,3691,
2444,3692,->,3693,
2445,3693,->,3694,
2446,3412,->,3413,
2447,1884,>,1885,
2448,1885,->,1886,
2449,1886,->,1887,
2450,1887,->,1888,
2451,1888,->,1889,
2452,1889,->,1890,
2453,1890,->,1891,
2454,1849,>,1850,
2455,3647,>,3648,
2456,3648,>,3649,
2457,3696,->,3697,
2458,3698,>,3699,
2459,3699,->,3700,
2460,3702,->,3703,
2461,3704,->,3705,
2462,3705,->,3706,
2463,3710,>,3711,
2464,3711,->,3712,
2465,3714,->,3715,
2466,3715,->,3716,
2467,3717,->,3718,
2468,3720,->,3721,
2469,3706,>,3707,
2470,3724,->,3725,
2471,3725,>,3726,
2472,3728,>,3729,
2473,3731,->,3732,
2474,3732,>,3733,
2475,3733,->,3734,
2476,3738,>,3739,
2477,3741,->,3742,
2478,3742,>,3743,
2479,3743,>,3744,
2480,3745,>,3746,
2481,3747,>,3748,
2482,3748,>,3749,
2483,3749,>,3750,
2484,3750,>,3751,
2485,3751,>,3752,
2488,3756,->,3757,
2489,3758,->,3759,
2490,3759,>,3760,
2491,3760,->,3761,
2492,3762,>,3763,
2493,3764,->,3765,
2494,3765,>,3766,
2495,3771,>,3772,
2496,3772,->,3773,
2497,3773,>,3774,
2498,3774,->,3775,
2499,3776,>,3777,
2500,3777,->,3778,
2501,3778,->,3787,
2502,3779,>,3780,
2503,3780,>,3781,
2504,3781,>,3782,
2505,3782,>,3783,
2506,3783,>,3784,
2507,3784,>,3785,
2508,3787,->,3779,
2509,3788,>,3789,
2510,3789,>,3790,
2511,3791,>,3792,
2512,3792,>,3793,
2513,3793,>,3794,
2514,3794,>,3795,
2515,3795,>,3796,
2516,3796,>,3797,
2517,3799,>,3800,
2518,3800,>,3801,
2519,3803,>,3804,
2520,3805,>,3806,
2521,3820,>,3821,
2522,3821,>,3822,
2523,3807,->,3808,
2524,3808,>,3809,
2525,3809,->,3810,
2528,3813,->,3814,
2529,3814,->,3815,
2530,3815,>,3816,
2532,3817,>,3818,
2533,3818,>,3819,
2534,3819,>,3820,
2535,3820,>,3821,
2536,3821,>,3822,
2537,3826,>,3827,
2538,3827,>,3828,
2539,3828,>,3829,
2540,3830,>,3831,
2541,3831,>,3832,
2542,3832,>,3833,
2543,3833,>,3834,
2544,3834,>,3835,
2545,3839,->,3840,
2546,3840,->,3841,
2547,3841,->,3842,
2548,3844,->,3845,
2549,3845,->,3846,
2550,3846,->,3847,
2551,3848,>,3849,
2552,3849,>,3850,
2553,3850,>,3851,
2554,3851,>,3852,
2555,3854,>,3855,
2556,3855,>,3856,
2557,3861,->,3862,
2558,3862,->,3863,
2559,3863,->,3864,
2560,3864,->,3865,
2561,3865,->,3866,
2562,3867,->,3868,
2563,3868,->,3869,
2564,3869,->,3870,
2565,3870,->,3871,
2566,3853,>,3854,
2567,3873,>,3874,
2568,3874,>,3875,
2569,3875,>,3876,
2570,3879,>,3880,
2571,3880,>,3881,
2572,3881,>,3882,
2573,3882,>,3883,
2574,3883,>,3884,
2575,3884,>,3885,
2576,3885,>,3886,
2577,3887,>,3888,
2578,3889,->,3890,
2579,3890,->,3891,
2580,3891,>,3892,
2581,3892,>,3893,
2582,3893,>,3894,
2583,3895,>,3896,
2584,3897,->,3898,
2585,3898,>,3899,
2586,3900,>,3901,
2587,3903,->,3904,
2588,3904,->,3905,
2589,3905,->,3906,
2590,3906,>,3907,
2591,3908,->,3909,
2592,3909,->,3910,
2593,3910,>,3911,
2594,3911,>,3912,
2595,3913,>,3914,
2596,3914,>,3915,
2597,3915,>,3916,
2598,3918,>,3919,
2599,3919,>,3920,
2600,3920,>,3921,
2601,3921,>,3922,
2602,3922,>,3923,
2603,3923,>,3924,
2604,3924,>,3925,
2605,3926,>,3927,
2606,3927,>,3928,
2607,3928,>,3929,
2608,3929,>,3930,
2609,3936,>,3937,
2610,3938,>,3939,
2611,3979,>,3980,
2612,3981,>,3982,
2614,3973,>,3975,
2615,3975,->,3976,
2616,3976,->,3977,
2617,3977,->,3978,
2618,3980,>,3981,
2619,3982,->,3983,
2620,3983,>,3984,
2621,3987,->,3988,
2622,3988,->,3989,
2623,3989,->,3990,
2624,3990,->,3991,
2625,3991,>,3992,
2626,3993,->,3994,
2627,3994,>,3995,
2628,3995,>,3996,
2629,3996,>,3997,
2630,3997,>,3998,
2631,3998,->,3999,
2632,3999,->,4000,
2633,4000,->,4001,
2634,4001,->,4002,
2635,4002,->,4003,
2636,4003,->,4004,
2637,3934,->,3935,
2638,3935,>,3936,
2639,3940,->,3941,
2640,3942,>,4006,
2641,4006,>,3943,
2642,4007,>,4008,
2643,4009,>,4010,
2644,4010,>,4011,
2645,4011,>,4012,
2646,4013,>,4014,
2647,4015,>,4016,
2648,4016,>,4017,
2649,4017,>,4018,
2650,4020,>,4021,
2651,4021,->,4022,
2652,4022,->,4023,
2653,4023,>,4024,
2654,4025,->,4026,
2655,4026,>,4027,
2656,4027,->,4028,
2657,4029,->,4030,
2658,4033,->,4034,
2659,4034,->,4035,
2660,4035,->,4036,
2661,4036,>,4037,
2662,4037,->,4038,
2663,4038,->,4039,
2665,4042,->,4043,
2666,4043,>,4044,
2667,4026,>,4027,
2668,3077,->,3078,
2669,3078,->,3079,
2670,3079,->,3080,
2671,3082,->,3083,
2672,3085,>,3086,
2673,1777,>,1781,
2674,1800,>,1801,
2675,2640,>,2643,
2676,4049,>,4050,
2677,4050,>,4051,
2678,4052,>,4053,
2679,4054,>,4055,
2680,4058,->,4059,
2681,4030,>,4031,
2682,4064,>,4065,
2683,4070,>,4071,
2684,4071,>,4072,
2685,4072,>,4073,
2686,4073,>,4074,
2687,4076,->,4077,
2688,4077,->,4078,
2689,4078,->,4079,
2690,4079,->,4080,
2691,4080,->,4081,
2692,4082,->,4083,
2693,4083,>,4084,
2694,4086,->,4087,
2695,4091,>,4092,
2696,4092,>,4093,
2697,4093,>,4094,
2698,4094,>,4095,
2699,4096,>,4097,
2700,4097,>,4098,
2701,4099,>,4100,
2702,4100,>,4101,
2703,4103,>,4104,
2704,4061,->,4062,
2705,4062,->,4063,
2706,4063,->,4064,
2707,4065,>,4066,
2708,4067,->,4068,
2709,4069,->,4070,
2710,4105,>,4106,
2711,4106,>,4107,
2712,4108,>,4109,
2713,4109,>,4110,
2714,4111,>,4112,
2715,4112,>,4113,
2716,4113,>,4114,
2717,4132,>,4133,
2718,4149,>,4150,
2719,4150,>,4151,
2720,4151,>,4152,
2721,4152,->,4153,
2722,4153,->,4154,
2723,4155,->,4156,
2724,4157,->,4158,
2725,4158,->,4160,
2726,4144,>,4159,
2727,4159,->,4160,
2728,4160,>,4145,
2729,4134,->,4135,
2730,4137,>,4138,
2731,4138,->,4139,
2732,4141,>,4142,someone missed a beat
2733,4143,>,4144,
2734,4161,>,4162,
2735,3558,->,3559,
2736,3559,>,3560,
2737,3560,>,3561,
2738,3561,>,3562,
2739,3786,>,4163,
2740,2593,->,4164,
2741,4166,>,4167,
2742,4167,>,4168,
2743,4170,>,4171,
2744,4173,>,4174,
2745,4174,>,4175,
2746,4176,>,4177,
2747,4194,>,4195,
2748,4195,>,4196,
2749,4196,>,4197,
2750,4197,>,4198,
2751,4199,->,4200,
2752,4200,>,4201,
2753,4201,->,4202,
2754,4202,->,4203,
2755,4203,->,4204,
2756,4205,->,4206,
2757,4206,>,4207,
2758,4207,->,4208,
2759,4208,->,4209,
2760,4209,->,4210,
2761,4179,->,4180,
2762,4180,->,4181,
2763,4181,->,4182,
2764,4182,>,4183,
2765,4184,->,4185,
2766,4185,->,4186,
2767,4186,->,4187,
2768,4189,->,4190,
2769,4190,->,4191,
2770,4191,->,4192,
2771,4192,->,4193,
2772,4193,->,4194,
2773,4212,->,4213,
2774,4213,->,4214,
2775,4214,>,4215,
2776,4215,>,4216,
2777,4218,->,4219,
2778,4219,>,4220,
2779,4220,>,4221,
2780,4222,->,4223,
2781,4224,>,4225,
2784,4229,>,4230,
2785,4230,>,4231,
2786,4231,>,4232,
2787,4232,->,4233,
2788,4233,>,4234,
2789,4235,->,4236,
2790,4236,->,4237,
2791,4237,->,4238,
2792,4238,->,4239,
2793,4239,>,4240,
2794,4240,>,4241,
2795,4241,>,4242,
2796,4242,>,4243,
2797,4243,->,4244,
2798,4136,>,4137,
2799,4142,->,4143,
2800,4146,>,4147,
2801,4147,>,4247,
2802,4248,->,4249,
2803,4249,->,4250,
2805,4252,->,4253,
2806,4253,>,4254,
2808,4255,>,4256,
2809,4258,>,4259,
2810,4259,->,4260,
2811,4260,->,4261,
2812,4261,->,4262,
2813,4262,->,4263,
2814,4263,>,4264,
2815,4264,>,4268,
2819,4268,->,4269,
2820,4269,->,4270,
2821,4270,->,4271,
2822,4272,>,4273,
2823,4273,->,4274,
2824,4274,->,4275,
2825,4275,>,4276,
2826,4276,>,4277,
2827,4277,->,4278,
2828,4279,->,4280,
2829,4281,>,4282,
2830,4282,>,4283,
2831,4283,->,4284,
2832,4284,->,4285,
2833,4294,>,4304,
2834,4297,->,4298,
2835,4298,->,4299,
2837,4300,>,4301,
2838,4301,>,4302,
2839,4287,>,4288,
2840,4288,>,4290,
2841,4305,->,4289,
2842,4289,>,4306,
2843,4306,>,4291,
2845,4307,>,4308,
2846,4309,->,4310,
2847,4310,>,4311,
2848,4311,>,4312,
2849,4312,>,4313,
2850,4314,>,4315,
2851,4315,>,4316,
2852,4316,>,4317,
2853,4317,>,4318,
2854,4318,>,4319,
2855,4320,>,4321,
2856,4322,->,4323,
2857,4324,>,4473,
2858,4327,->,4328,
2859,4328,->,4329,
2860,4329,->,4330,
2861,4330,>,4331,
2863,4292,->,4293,
2864,4293,->,4294,
2865,4304,>,4305,
2866,4336,>,4337,
2867,4337,>,4338,
2868,4340,>,4341,
2869,4341,>,4342,
2870,4356,->,4360,
2871,4360,->,4357,
2872,4361,->,4362,
2873,4362,->,4363,
2874,4363,->,4364,
2875,4365,->,4366,
2877,4368,->,4369,
2878,4369,->,4370,
2879,4370,>,4371,
2881,4374,->,4375,
2882,4375,>,4376,
2883,4376,->,4377,
2884,4377,>,4378,
2885,4378,>,4379,
2886,4380,>,4381,
2887,4381,->,4382,
2888,4382,->,4383,
2889,4383,>,4384,
2890,4384,>,4385,
2891,4385,>,4386,
2892,4386,>,4387,
2893,4387,>,4388,
2894,4388,>,4389,
2895,4390,->,4391,
2896,4391,->,4392,
2897,4392,->,4393,
2898,4393,->,4394,
2899,4397,>,4398,
2900,4398,>,4399,
2901,4399,->,4400,
2902,4400,->,4401,
2903,4403,>,4404,
2904,4404,>,4405,
2905,4405,->,4406,
2906,4406,>,4407,
2907,4409,->,4410,
2908,4411,>,4412,
2909,4412,->,4413,
2910,4413,>,4414,
2911,4416,->,4417,
2912,4417,->,4418,
2913,4419,->,4420,
2914,4420,->,4421,
2916,4422,>,4423,
2918,4346,>,4347,
2919,4347,->,4359,
2920,4359,->,4348,
2921,4348,>,4350,
2922,4423,>,4427,
2923,4418,->,4419,
2924,3202,->,3204,
2925,3204,->,3205,
2926,4442,>,4443,
2927,4443,>,4444,
2928,4444,>,4445,
2929,4445,>,4446,
2930,4447,>,4448,
2931,4448,>,4449,
2932,4449,>,4450,
2933,4450,>,4451,
2934,4451,>,4452,
2935,4457,>,4458,
2936,4459,>,4460,
2937,4460,->,4461,
2938,4461,>,4462,
2939,4463,>,4464,
2940,4464,->,4465,
2941,4465,->,4466,
2942,4466,->,4467,
2943,4467,->,4468,
2944,4428,>,4429,
2945,4432,>,4433,
2946,4434,>,4435,
2947,4435,>,4436,
2948,4436,>,4471,
2949,4471,>,4437,
2950,4437,>,4438,
2951,4439,>,4472,
2952,4351,->,4352,
2953,4355,->,4356,
2954,4473,->,4325,
2955,4323,>,4324,
2956,4326,->,4327,
2957,4484,->,4485,
2958,4486,>,4487,
2959,4487,->,4488,
2960,4490,->,4491,
2961,4491,->,4492,
2962,4492,->,4493,
2963,4496,>,4497,
2964,4498,>,4499,
2965,4499,>,4500,
2966,4502,>,4503,
2967,4503,>,4504,
2968,4505,>,4506,
2969,4507,>,4508,
2970,886,>,887,
2971,4510,->,4511,
2972,4511,>,4512,
2973,4512,->,4513,
2974,4513,->,4514,
2975,4514,->,4515,
2976,4516,>,4517,
2977,4517,->,4518,
2978,4518,->,4519,
2979,4519,->,4520,
2980,4520,->,4521,
2981,4521,>,4522,
2982,4524,>,4525,
2983,4525,->,4526,
2984,4526,->,4527,
2985,4528,->,4529,
2986,4529,->,4530,
2987,4530,->,4531,
2988,4531,>,4532,
2989,4532,>,4533,
2990,4536,>,4537,
2991,4538,>,4539,
2992,4539,>,4540,
2993,4544,->,4545,
2994,4545,->,4546,
2995,4546,->,4547,
2996,4547,->,4548,
2997,4549,->,4550,
2998,4541,->,4542,
2999,4474,>,4475,
3000,4475,>,4476,
3001,4477,>,4478,
3002,4478,>,4479,
3003,4479,>,4480,
3004,4480,>,4552,
3005,4552,>,4482,
3006,4553,>,4554,
3007,4554,>,4555,
3008,4558,->,4559,
3009,4559,>,4560,
3011,4561,->,4562,
3012,4562,>,4563,
3013,4563,->,4564,
3014,4564,>,4565,
3015,4567,->,4568,
3016,4568,>,4569,
3017,4570,->,4571,
3018,4571,->,4572,
3019,4573,->,4574,
3020,4574,->,4575,
3021,4576,->,4577,
3022,4577,>,4578,
3023,4581,->,4582,
3024,4582,>,4583,
3025,4583,>,4584,
3026,4586,->,4587,
3027,4588,->,4589,
3029,4590,>,4591,
3031,4592,>,4593,
3032,4594,->,4595,
3033,4597,>,4598,
3034,4598,>,4599,
3035,4599,>,4600,
3036,4602,>,4603,
3037,4603,>,4604,
3038,4605,>,4606,
3039,4606,>,4607,
3041,4610,>,4611,
3042,4611,->,4616,
3043,4612,->,4613,
3044,4613,->,4614,
3045,4616,->,4612,
3046,4614,->,4617,
3047,4618,->,4612,
3048,4634,>,4635,
3049,4636,>,4637,
3050,4638,>,4639,
3051,4640,>,4641,
3052,4641,>,4642,
3053,4643,>,4644,
3054,4644,>,4645,
3055,4645,>,4646,
3056,4647,>,4648,
3057,4650,>,4651,
3058,4652,>,4653,
3059,4653,>,4654,
3060,4654,->,4655,
3061,4657,>,4658,
3062,4658,>,4659,
3063,4659,>,4660,
3064,4660,>,4661,
3065,4661,->,4662,
3066,4662,->,4663,
3067,4673,>,4674,bustout: first E>E since 2016
3068,4674,>,4675,
3069,4675,>,4676,
3070,4677,>,4678,
3071,4678,>,4679,
3072,4679,>,4680,
3073,4681,>,4682,
3074,4682,>,4683,
3075,4685,>,4686,
3076,4686,>,4687,
3077,4688,>,4689,
3078,4689,>,4690,
3079,4690,>,4691,
3080,4692,>,4693,
3081,4693,>,4694,
3082,4695,>,4696,
3083,4696,>,4697,
3084,4697,>,4698,
3085,4698,>,4699,
3086,4699,>,4700,
3087,4700,>,4701,
3088,4701,>,4702,
3089,4704,>,4705,
3090,4705,>,4706,
3091,4706,>,4707,
3092,4707,>,4708,
3093,4708,>,4709,
3094,4710,>,4711,
3095,4711,>,4712,
3096,4712,>,4713,
3097,4713,>,4714,
3098,4714,>,4715,
3099,4715,>,4716,
3100,4718,>,4719,
3101,4719,>,4720,
3102,4721,>,4722,
3103,4722,>,4723,
3104,4723,>,4724,
3105,4725,>,4726,
3106,4726,>,4727,
3107,4727,>,4728,
3108,4728,>,4729,
3109,4729,>,4730,
3110,4730,>,4731,
3111,4731,>,4732,
3112,4733,>,4734,
3113,4735,>,4736,
3114,4745,>,4746,
3115,4746,>,4747,
3116,4747,>,4748,
3117,4753,>,4754,
3118,4754,>,4755,
3119,4756,>,4757,
3120,4757,>,4758,
3121,4758,>,4759,
3122,4760,>,4761,
3123,4761,>,4762,
3124,4762,>,4763,
3125,4763,>,4764,
3126,4764,>,4765,
3127,4765,>,4766,
3128,4769,->,4770,
3129,4772,->,4773,
3130,4773,>,4774,
3131,4776,>,4777,
3132,4777,>,4778,
3133,4779,->,4780,
3134,4781,>,4782,
3135,4784,>,4785,
3137,4788,>,4789,
3138,4789,>,4790,
3139,4791,>,4792,
3140,4792,>,4793,
3141,4795,>,4796,
3142,4813,>,4814,
3143,4815,>,4816,
3144,4799,->,4800,
3145,4800,->,4801,
3146,4801,->,4802,
3147,4802,->,4803,
3149,4806,->,4807,
3150,4807,->,4808,
3151,4809,>,4810,
3152,4810,>,4811,
3153,4811,>,4812,
3154,4812,>,4813,
3155,4818,>,4819,
3156,4819,>,4820,
3157,4820,>,4821,
3158,4822,>,4823,
3159,4823,>,4824,
3160,4826,>,4827,
3161,4827,>,4828,
3162,4828,>,4829,
3163,4830,>,4831,
3164,4831,>,4832,
3165,4816,->,4833,
3166,4834,>,4835,
3167,4835,>,4836,
3168,4836,>,4837,
3169,4839,>,4840,
3170,4842,>,4843,
3171,4844,>,4845,
3172,4856,>,4857,
3173,4857,>,4858,
3174,4863,>,4864,
3175,4865,>,4866,
3176,4905,>,4906,
3177,4907,>,4908,
3178,4909,>,4910,
3179,4910,>,4911,
3180,4912,>,4913,
3181,4913,>,4914,
3182,4915,>,4916,
3183,4916,>,4917,
3184,4885,>,4886,presumptive
3185,4903,>,4904,presumptive
3186,4899,>,4900,
3187,4900,>,4901,
3188,4935,>,4936,
3189,4937,>,4938,
3190,4939,>,4940,
3191,4941,>,4942,
3192,4942,>,4943,
3193,4947,>,4948,
3194,4948,>,4949,
3195,4950,>,4951,
3196,4953,>,4954,
3197,4955,>,4956,
3198,4956,>,4957,
3199,4957,>,4958,presumptive
3200,4960,>,4961,
3201,4961,>,4962,
3202,4963,>,4964,
3203,4965,>,4971,
3204,4967,>,4968,
3205,4968,>,4969,
3206,4975,>,4976,
3207,4976,>,4977,
3208,4978,>,4979,
3209,4980,>,4981,
3210,4991,>,4992,
3211,4993,>,4994,
3212,4994,>,4995,
3213,4995,>,4996,
3214,4997,>,4998,
3215,4999,>,5000,
3216,5000,>,5001,
3217,5005,>,5006,
3218,5007,>,5018,
3219,5018,>,5008,
3220,5008,>,5009,
3221,5010,>,5011,
3222,5011,>,5012,
3223,5012,>,5013,
3224,5013,>,5014,
3225,5014,>,5015,
3226,5015,>,5016,
3227,5019,>,5020,
3228,5021,>,5022,
3229,5022,>,5023,
3230,5025,>,5026,
3231,5026,>,5027,
3232,5031,>,5032,
3233,5032,>,5033,
3234,5034,>,5035,
3235,5035,>,5036,
3236,5036,>,5037,
3237,5037,>,5038,
3238,5041,>,5042,
3239,5042,>,5043,
3240,5047,->,5048,
3241,5048,->,5049,
3242,5049,>,5050,
3243,5050,>,5051,
3244,5052,>,5053,
3245,5053,>,5054,
3246,5054,>,5055,
3247,5055,>,5056,
3248,5056,>,5057,
3249,5057,->,5058,
3250,5058,>,5059,
3251,5118,>,5119,
3252,5119,>,5120,
3253,5121,>,5122,
3254,5122,>,5123,
3255,5124,>,5125,
3256,5125,>,5126,
3257,5126,>,5127,
3258,5127,>,5128,
3259,5128,>,5129,
3260,5129,>,5130,
3261,5130,>,5131,
3262,5133,>,5134,
3263,5134,>,5135,
3264,5137,>,5138,
3265,5141,>,5142,
3266,5142,>,5143,
3267,5148,->,5149,
3268,5149,->,5150,
3269,5150,->,5151,
3270,5151,>,5152,
3271,5154,>,5155,
3272,5155,->,5156,
3273,5156,>,5157,
3274,5157,->,5158,
3275,5161,->,5162,
3276,5163,>,5164,
3277,5164,->,5165,
3278,5165,>,5166,
3279,5167,>,5168,
3280,5169,->,5170,
3281,5170,>,5171,
3282,5171,->,5172,
3283,5174,>,5175,
3284,5175,->,5176,
3285,5176,>,5177,
3286,5177,>,5178,
3287,5178,>,5179,
3288,5180,>,5181,
3289,5182,>,5183,
3290,5183,->,5184,
3291,5189,->,5190,
3292,5190,->,5191,
3293,5191,->,5192,
3294,5192,>,5193,
3295,5194,->,5195,
3296,5195,>,5196,
3297,5197,->,5198,
3298,5200,>,5201,
3299,5202,>,5203,
3300,5203,>,5204,
3301,5204,->,5205,
3302,5206,>,5207,
3303,5208,>,5209,
3304,5209,>,5210,
3305,5216,>,5217,
3306,5218,>,5219,
3307,5219,>,5220,
3308,5220,>,5221,
3309,5221,>,5222,
3310,5223,>,5224,
3311,5224,>,5225,
3312,5225,>,5226,
3313,5226,>,5227,
3314,5227,>,5228,
3315,5228,>,5229,
3316,5231,>,5232,
3317,5232,>,5233,
3318,5233,>,5234,
3319,5235,>,5236,
3320,5238,>,5239,
3321,5239,>,5240,
3322,5240,>,5241,
3323,5241,>,5242,
3324,5242,>,5243,
3325,5243,>,5244,
3326,5278,>,5279,
3327,5279,>,5280,
3328,5280,>,5281,
3329,5282,>,5283,
3330,5283,>,5284,
3331,5285,>,5286,
3332,5287,>,5288,
3333,5288,>,5289,
3334,5289,>,5290,
3335,5290,>,5291,
3336,5294,>,5295,
3337,5295,>,5296,
3338,5297,>,5298,
3339,5298,>,5299,
3340,5299,>,5300,
3341,5301,>,5302,
3342,5302,>,5303,
3343,5304,>,5305,
3344,5306,>,5307,
3345,5310,>,5311,
3346,5311,>,5312,
3347,5314,->,5315,
3348,5315,->,5316,
3349,5320,->,5321,
3350,5321,->,5322,
3351,5354,->,5355,
3352,5355,->,5356,
3353,5356,>,5357,
3354,5357,->,5358,
3355,5358,>,5359,
3356,5361,>,5362,
3357,5363,->,5364,
3358,5364,->,5365,
3359,5365,->,5366,
3360,5367,>,5368,
3361,5369,->,5370,
3362,5370,>,5371,
3363,5371,->,5372,
