id,setlist,1,2,3,4,5,6,7,8,9,10,11,12,13,14,15,16,17,18,19,20,21,22,id_r
1,1:2:3:4:5:6:7:8:9:10,1,2,3,4,5,6,7,8,9,10,,,,,,,,,,,,,1
2,11:12:13:14:15:16:17:18:19:20,11,12,13,14,15,16,17,18,19,20,,,,,,,,,,,,,2
3,21,21,,,,,,,,,,,,,,,,,,,,,,3
4,22:23:24:25:26:27:28:29,22,23,24,25,26,27,28,29,,,,,,,,,,,,,,,4
5,30:31:32:33:34:35:36:38:39:40:41,30,31,32,33,34,35,36,38,39,40,41,,,,,,,,,,,,5
6,42,42,,,,,,,,,,,,,,,,,,,,,,6
7,43:44:45:46:47:48:49:50:51:52:53,43,44,45,46,47,48,49,50,51,52,53,,,,,,,,,,,,7
8,54:55:56:57:58:59:60,54,55,56,57,58,59,60,,,,,,,,,,,,,,,,8
9,61:62:63:64:65:66:67:68:70:71:72:73,61,62,63,64,65,66,67,68,70,71,72,73,,,,,,,,,,,9
10,74,74,,,,,,,,,,,,,,,,,,,,,,10
11,75:76:77:78:79:80,75,76,77,78,79,80,,,,,,,,,,,,,,,,,11
12,81:82:83:84:85:86:87:88:89,81,82,83,84,85,86,87,88,89,,,,,,,,,,,,,,12
13,90,90,,,,,,,,,,,,,,,,,,,,,,13
14,91:92:93:94:95:96:97,91,92,93,94,95,96,97,,,,,,,,,,,,,,,,14
15,103:104:105:106:107:108:109,103,104,105,106,107,108,109,,,,,,,,,,,,,,,,15
16,110:111:112:113:114:115,110,111,112,113,114,115,,,,,,,,,,,,,,,,,16
17,116,116,,,,,,,,,,,,,,,,,,,,,,17
18,131:132:133:134:135:136,131,132,133,134,135,136,,,,,,,,,,,,,,,,,18
19,117:118:119:120:122:123:124:125:126:127:128,117,118,119,120,122,123,124,125,126,127,128,,,,,,,,,,,,19
20,129:130,129,130,,,,,,,,,,,,,,,,,,,,,20
21,137:138:139:142:143:144:145:146,137,138,139,142,143,144,145,146,,,,,,,,,,,,,,,21
22,147:148:149:150:151:152:153,147,148,149,150,151,152,153,,,,,,,,,,,,,,,,22
23,154:155:156:157:158:159:160:166,154,155,156,157,158,159,160,166,,,,,,,,,,,,,,,23
24,167,167,,,,,,,,,,,,,,,,,,,,,,24
25,168:169:170:171:172:173,168,169,170,171,172,173,,,,,,,,,,,,,,,,,25
26,174:175:176:177:178:179:180:181:182,174,175,176,177,178,179,180,181,182,,,,,,,,,,,,,,26
27,183,183,,,,,,,,,,,,,,,,,,,,,,27
28,184:185:186:187:188:189,184,185,186,187,188,189,,,,,,,,,,,,,,,,,28
29,190:191:192:193:194:195:196,190,191,192,193,194,195,196,,,,,,,,,,,,,,,,29
30,197:201:202:203,197,201,202,203,,,,,,,,,,,,,,,,,,,30
31,204:205:206:207:208:209:210,204,205,206,207,208,209,210,,,,,,,,,,,,,,,,31
32,211:212:213:214:215:216:217,211,212,213,214,215,216,217,,,,,,,,,,,,,,,,32
33,218,218,,,,,,,,,,,,,,,,,,,,,,33
34,219:222:223:224:225:226:227,219,222,223,224,225,226,227,,,,,,,,,,,,,,,,34
35,228:229:230:231:232:233:234,228,229,230,231,232,233,234,,,,,,,,,,,,,,,,35
36,235,235,,,,,,,,,,,,,,,,,,,,,,36
37,236:237:238:239:240:241:242:243:244:245:246,236,237,238,239,240,241,242,243,244,245,246,,,,,,,,,,,,37
38,247,247,,,,,,,,,,,,,,,,,,,,,,38
39,248:249:250:251:252:253:254,248,249,250,251,252,253,254,,,,,,,,,,,,,,,,39
40,256:257:258:259:260:261,256,257,258,259,260,261,,,,,,,,,,,,,,,,,40
41,262,262,,,,,,,,,,,,,,,,,,,,,,41
42,263:264:265:266:267:270,263,264,265,266,267,270,,,,,,,,,,,,,,,,,42
43,271:272:273:274:275:276:277:279:280:281:282,271,272,273,274,275,276,277,279,280,281,282,,,,,,,,,,,,43
44,283,283,,,,,,,,,,,,,,,,,,,,,,44
45,284:285:286:287:288:289:290,284,285,286,287,288,289,290,,,,,,,,,,,,,,,,45
46,291:292:293:294:295:296:297:298:299:300,291,292,293,294,295,296,297,298,299,300,,,,,,,,,,,,,46
47,301,301,,,,,,,,,,,,,,,,,,,,,,47
48,302:303:304:305:306:307,302,303,304,305,306,307,,,,,,,,,,,,,,,,,48
49,308:309:310:311:312:313:314,308,309,310,311,312,313,314,,,,,,,,,,,,,,,,49
50,315,315,,,,,,,,,,,,,,,,,,,,,,50
51,316:317:318:319:320:321:322,316,317,318,319,320,321,322,,,,,,,,,,,,,,,,51
52,323:324:325:326:327:328:329:330:332:333:334:335,323,324,325,326,327,328,329,330,332,333,334,335,,,,,,,,,,,52
53,336,336,,,,,,,,,,,,,,,,,,,,,,53
54,337:338:339:340:342:343,337,338,339,340,342,343,,,,,,,,,,,,,,,,,54
55,344:345:346:347:349:350:351,344,345,346,347,349,350,351,,,,,,,,,,,,,,,,55
56,352,352,,,,,,,,,,,,,,,,,,,,,,56
57,355:356:357:358:359,355,356,357,358,359,,,,,,,,,,,,,,,,,,57
58,360:361:362:363:364,360,361,362,363,364,,,,,,,,,,,,,,,,,,58
59,365:366,365,366,,,,,,,,,,,,,,,,,,,,,59
60,367:368:369:370:371:372:373:374:375:376:377:378:379,367,368,369,370,371,372,373,374,375,376,377,378,379,,,,,,,,,,60
61,380:381:382:383:384:385,380,381,382,383,384,385,,,,,,,,,,,,,,,,,61
62,386,386,,,,,,,,,,,,,,,,,,,,,,62
63,387:388:389:390:391:392,387,388,389,390,391,392,,,,,,,,,,,,,,,,,63
64,393:394:395:396:398:399:400,393,394,395,396,398,399,400,,,,,,,,,,,,,,,,64
65,401:402,401,402,,,,,,,,,,,,,,,,,,,,,65
66,403:404:406:407:408:409,403,404,406,407,408,409,,,,,,,,,,,,,,,,,66
67,410:411:412:413:414:415,410,411,412,413,414,415,,,,,,,,,,,,,,,,,67
68,416,416,,,,,,,,,,,,,,,,,,,,,,68
69,417:418:419:420:421:422,417,418,419,420,421,422,,,,,,,,,,,,,,,,,69
70,423:424:425:427:428:429,423,424,425,427,428,429,,,,,,,,,,,,,,,,,70
71,430:431,430,431,,,,,,,,,,,,,,,,,,,,,71
72,432:433:434:435:436:437:438,432,433,434,435,436,437,438,,,,,,,,,,,,,,,,72
73,439:440:441:442:443:444,439,440,441,442,443,444,,,,,,,,,,,,,,,,,73
74,445:446,445,446,,,,,,,,,,,,,,,,,,,,,74
75,447:448:449:451:452:453:454,447,448,449,451,452,453,454,,,,,,,,,,,,,,,,75
76,455:456:457:458:459:460,455,456,457,458,459,460,,,,,,,,,,,,,,,,,76
77,466:467,466,467,,,,,,,,,,,,,,,,,,,,,77
78,468:469:470:471:472:473:474,468,469,470,471,472,473,474,,,,,,,,,,,,,,,,78
79,475:476:477:478:479:480:481,475,476,477,478,479,480,481,,,,,,,,,,,,,,,,79
80,482,482,,,,,,,,,,,,,,,,,,,,,,80
81,483:484:485:486:487:488:489:490,483,484,485,486,487,488,489,490,,,,,,,,,,,,,,,81
82,491:492:493:494:495:497:498,491,492,493,494,495,497,498,,,,,,,,,,,,,,,,82
83,499:500,499,500,,,,,,,,,,,,,,,,,,,,,83
84,501:502:503:504:505:506:507:508:509:510:511:512:513,501,502,503,504,505,506,507,508,509,510,511,512,513,,,,,,,,,,84
85,515:516:518:519:520:521:522:523:524,515,516,518,519,520,521,522,523,524,,,,,,,,,,,,,,85
86,525,525,,,,,,,,,,,,,,,,,,,,,,86
87,527:528:529:530:531:532:533,527,528,529,530,531,532,533,,,,,,,,,,,,,,,,87
88,536:537:538:539:540:541:542:3650,536,537,538,539,540,541,542,3650,,,,,,,,,,,,,,,88
89,543,543,,,,,,,,,,,,,,,,,,,,,,89
90,544:545:546:547:548:549:550,544,545,546,547,548,549,550,,,,,,,,,,,,,,,,90
91,551:552:553:554:555:556:557,551,552,553,554,555,556,557,,,,,,,,,,,,,,,,91
92,558,558,,,,,,,,,,,,,,,,,,,,,,92
93,559:560:561:562:563:564:565,559,560,561,562,563,564,565,,,,,,,,,,,,,,,,93
94,566:567:568:569:570:571:572,566,567,568,569,570,571,572,,,,,,,,,,,,,,,,94
95,573:574,573,574,,,,,,,,,,,,,,,,,,,,,95
96,576:577:578:579:580:581:582:583:584:585,576,577,578,579,580,581,582,583,584,585,,,,,,,,,,,,,96
97,587:588:589:590:591:592:593,587,588,589,590,591,592,593,,,,,,,,,,,,,,,,97
98,595:596:597:598:599:600:601:602:603,595,596,597,598,599,600,601,602,603,,,,,,,,,,,,,,98
99,604:605:606:607:610:611:612,604,605,606,607,610,611,612,,,,,,,,,,,,,,,,99
100,613:615:616:618:621:622:623,613,615,616,618,621,622,623,,,,,,,,,,,,,,,,100
101,624,624,,,,,,,,,,,,,,,,,,,,,,101
102,626:627:628:629:630:631:632,626,627,628,629,630,631,632,,,,,,,,,,,,,,,,102
103,633:634:635:636:637:638,633,634,635,636,637,638,,,,,,,,,,,,,,,,,103
104,639:640:641:642:643:644:645,639,640,641,642,643,644,645,,,,,,,,,,,,,,,,104
105,646,646,,,,,,,,,,,,,,,,,,,,,,105
106,652:653:655:656:657:658:659:660,652,653,655,656,657,658,659,660,,,,,,,,,,,,,,,106
107,662:663:664:667:668:669,662,663,664,667,668,669,,,,,,,,,,,,,,,,,107
108,671:672:673:674:675:676:677:678:679:680:681:682,671,672,673,674,675,676,677,678,679,680,681,682,,,,,,,,,,,108
109,683,683,,,,,,,,,,,,,,,,,,,,,,109
110,685:686:687:688:689:690:691:692:2065:695:696,685,686,687,688,689,690,691,692,2065,695,696,,,,,,,,,,,,110
111,698:699:700:701:702:703:704:705,698,699,700,701,702,703,704,705,,,,,,,,,,,,,,,111
112,711:712:713:714:715:716:717:718,711,712,713,714,715,716,717,718,,,,,,,,,,,,,,,112
113,719,719,,,,,,,,,,,,,,,,,,,,,,113
114,720:721:722:723:724:725:726:727:728:729:730:731,720,721,722,723,724,725,726,727,728,729,730,731,,,,,,,,,,,114
115,732,732,,,,,,,,,,,,,,,,,,,,,,115
116,733:734:735:736:737:738:739,733,734,735,736,737,738,739,,,,,,,,,,,,,,,,116
117,745:748:749:750:752:753:754:755,745,748,749,750,752,753,754,755,,,,,,,,,,,,,,,117
118,756,756,,,,,,,,,,,,,,,,,,,,,,118
119,757:758:759:760:761:762:763,757,758,759,760,761,762,763,,,,,,,,,,,,,,,,119
120,764:765:766:767:768:769:770:771:772:773:774:775,764,765,766,767,768,769,770,771,772,773,774,775,,,,,,,,,,,120
121,776:777:778:779:780:781:782,776,777,778,779,780,781,782,,,,,,,,,,,,,,,,121
122,783:784:785:786:787:788:789,783,784,785,786,787,788,789,,,,,,,,,,,,,,,,122
123,790,790,,,,,,,,,,,,,,,,,,,,,,123
124,791:792:793:794:795:796,791,792,793,794,795,796,,,,,,,,,,,,,,,,,124
125,797:798:799:800:801:802:803,797,798,799,800,801,802,803,,,,,,,,,,,,,,,,125
126,804:805,804,805,,,,,,,,,,,,,,,,,,,,,126
127,806:807:808:809:810:811:813:815:816:819:820,806,807,808,809,810,811,813,815,816,819,820,,,,,,,,,,,,127
128,824:825:826:827:828:829,824,825,826,827,828,829,,,,,,,,,,,,,,,,,128
129,832:833:834:835:836:837:838:839,832,833,834,835,836,837,838,839,,,,,,,,,,,,,,,129
130,840,840,,,,,,,,,,,,,,,,,,,,,,130
131,841:842:843:844:845:846:847:848:849:850:851:852,841,842,843,844,845,846,847,848,849,850,851,852,,,,,,,,,,,131
132,853:854:855:856:857:858:859:860:861:862:863,853,854,855,856,857,858,859,860,861,862,863,,,,,,,,,,,,132
133,864:865,864,865,,,,,,,,,,,,,,,,,,,,,133
134,866:867:868:869:870:871:872:884:873:874,866,867,868,869,870,871,872,884,873,874,,,,,,,,,,,,,134
135,875:876:877:878:879:880:881,875,876,877,878,879,880,881,,,,,,,,,,,,,,,,135
136,882:883,882,883,,,,,,,,,,,,,,,,,,,,,136
137,885:886:887:888:889:890:891,885,886,887,888,889,890,891,,,,,,,,,,,,,,,,137
138,892:893:894:895:896:897:898,892,893,894,895,896,897,898,,,,,,,,,,,,,,,,138
139,899,899,,,,,,,,,,,,,,,,,,,,,,139
140,904:905:906:907:908:909:910,904,905,906,907,908,909,910,,,,,,,,,,,,,,,,140
141,911:912:913:914:915:916:917,911,912,913,914,915,916,917,,,,,,,,,,,,,,,,141
142,918,918,,,,,,,,,,,,,,,,,,,,,,142
143,900:901:902:903,900,901,902,903,,,,,,,,,,,,,,,,,,,143
144,919:920:921:922:923:924,919,920,921,922,923,924,,,,,,,,,,,,,,,,,144
145,925:926:927:928:929:930,925,926,927,928,929,930,,,,,,,,,,,,,,,,,145
146,936,936,,,,,,,,,,,,,,,,,,,,,,146
147,937:938:939:940:941:944:945,937,938,939,940,941,944,945,,,,,,,,,,,,,,,,147
148,946:947:948:949:950:951:952,946,947,948,949,950,951,952,,,,,,,,,,,,,,,,148
149,954:955:956:957:958:959,954,955,956,957,958,959,,,,,,,,,,,,,,,,,149
150,960:961:962:963:964:965:966,960,961,962,963,964,965,966,,,,,,,,,,,,,,,,150
151,967:968:969:970:971:972:973:974:975:976:977:978:979:980:981,967,968,969,970,971,972,973,974,975,976,977,978,979,980,981,,,,,,,,151
152,982,982,,,,,,,,,,,,,,,,,,,,,,152
153,983:984:986:987:989:990:991,983,984,986,987,989,990,991,,,,,,,,,,,,,,,,153
154,992:993:994:995:996:997:999,992,993,994,995,996,997,999,,,,,,,,,,,,,,,,154
155,1000,1000,,,,,,,,,,,,,,,,,,,,,,155
156,1001:1002:1003:1004:1005:1006:1007:1008,1001,1002,1003,1004,1005,1006,1007,1008,,,,,,,,,,,,,,,156
157,1010:1011:1012:1013:1014:1015:1017:1018:1019:1020:1021,1010,1011,1012,1013,1014,1015,1017,1018,1019,1020,1021,,,,,,,,,,,,157
158,1022,1022,,,,,,,,,,,,,,,,,,,,,,158
159,1023:1024:1025:1026:1027:1028:1029:1030:1031:1032,1023,1024,1025,1026,1027,1028,1029,1030,1031,1032,,,,,,,,,,,,,159
160,1033,1033,,,,,,,,,,,,,,,,,,,,,,160
161,1034:1035:1036:1037:1038:1039:1040:1041:1042:1043:1044:1045:1046,1034,1035,1036,1037,1038,1039,1040,1041,1042,1043,1044,1045,1046,,,,,,,,,,161
162,1047:1048:1049:1050:1051:1052:1053,1047,1048,1049,1050,1051,1052,1053,,,,,,,,,,,,,,,,162
163,1054:1055:1056:1057:1058:1059:1060,1054,1055,1056,1057,1058,1059,1060,,,,,,,,,,,,,,,,163
164,1061,1061,,,,,,,,,,,,,,,,,,,,,,164
165,1063:1064:1065:1068:1069:1070,1063,1064,1065,1068,1069,1070,,,,,,,,,,,,,,,,,165
166,1071:1072:1073:1074:1075:1076,1071,1072,1073,1074,1075,1076,,,,,,,,,,,,,,,,,166
167,1077,1077,,,,,,,,,,,,,,,,,,,,,,167
168,1078:1079:1080:1081:1082:1083:1084:1085:1086,1078,1079,1080,1081,1082,1083,1084,1085,1086,,,,,,,,,,,,,,168
169,1087:1088:1089:1090:1091:1092,1087,1088,1089,1090,1091,1092,,,,,,,,,,,,,,,,,169
170,1093,1093,,,,,,,,,,,,,,,,,,,,,,170
171,1094:1095:1096:1097:1098:1099:1100,1094,1095,1096,1097,1098,1099,1100,,,,,,,,,,,,,,,,171
172,1103:1104:1105:1106:1107:1108:1109:1110:1111:1112:1113:1114,1103,1104,1105,1106,1107,1108,1109,1110,1111,1112,1113,1114,,,,,,,,,,,172
173,1115,1115,,,,,,,,,,,,,,,,,,,,,,173
174,1116:1117:1118:1119:1120:1121,1116,1117,1118,1119,1120,1121,,,,,,,,,,,,,,,,,174
175,1122:1123:1124:1125:1126:1127:1128:1129,1122,1123,1124,1125,1126,1127,1128,1129,,,,,,,,,,,,,,,175
176,1130,1130,,,,,,,,,,,,,,,,,,,,,,176
177,1132:1133:1134:1135:1136:1137:1138,1132,1133,1134,1135,1136,1137,1138,,,,,,,,,,,,,,,,177
178,1140:1141:1142:1143:1144:1145,1140,1141,1142,1143,1144,1145,,,,,,,,,,,,,,,,,178
179,1146,1146,,,,,,,,,,,,,,,,,,,,,,179
180,1147:1148:1149:1150:1151:1152:1153:1154,1147,1148,1149,1150,1151,1152,1153,1154,,,,,,,,,,,,,,,180
181,1155:1156:1157:1158:1159:1160,1155,1156,1157,1158,1159,1160,,,,,,,,,,,,,,,,,181
182,1161:1162,1161,1162,,,,,,,,,,,,,,,,,,,,,182
183,1163:1164:1165:1166:1167:1168:1169:1170:1171:1172,1163,1164,1165,1166,1167,1168,1169,1170,1171,1172,,,,,,,,,,,,,183
184,1173:1174:1175:1176:1177:1178:1179:1180:1181,1173,1174,1175,1176,1177,1178,1179,1180,1181,,,,,,,,,,,,,,184
185,1182,1182,,,,,,,,,,,,,,,,,,,,,,185
186,1184:1185:1186:1187:1188:1189,1184,1185,1186,1187,1188,1189,,,,,,,,,,,,,,,,,186
187,1190:1191:1192:1193:1194:1195:1196:1197:1198:1199:1200:1202,1190,1191,1192,1193,1194,1195,1196,1197,1198,1199,1200,1202,,,,,,,,,,,187
188,1203:1206:1207:1208:1209:1210:1211,1203,1206,1207,1208,1209,1210,1211,,,,,,,,,,,,,,,,188
189,1212:1213:1214:1215:1216:1217:1218,1212,1213,1214,1215,1216,1217,1218,,,,,,,,,,,,,,,,189
190,1219,1219,,,,,,,,,,,,,,,,,,,,,,190
191,1220:1221:1222:1223:1224:1225,1220,1221,1222,1223,1224,1225,,,,,,,,,,,,,,,,,191
192,1226:1227:1228:1229:1230:1231:1232:1233,1226,1227,1228,1229,1230,1231,1232,1233,,,,,,,,,,,,,,,192
193,1234:1235:1236:1237:1238:1239:1240,1234,1235,1236,1237,1238,1239,1240,,,,,,,,,,,,,,,,193
194,1241:1242:1243:1244:1245:1246:1247:1248:1249,1241,1242,1243,1244,1245,1246,1247,1248,1249,,,,,,,,,,,,,,194
195,1250:1251,1250,1251,,,,,,,,,,,,,,,,,,,,,195
196,1252:1253:1254:1255:1256:1257:1258:1259:1260,1252,1253,1254,1255,1256,1257,1258,1259,1260,,,,,,,,,,,,,,196
197,1261:1262:1263:1264:1265:1266:1267:1268:1269:1270:1271:1272,1261,1262,1263,1264,1265,1266,1267,1268,1269,1270,1271,1272,,,,,,,,,,,197
198,1273:1274,1273,1274,,,,,,,,,,,,,,,,,,,,,198
199,1275:1276:1277:1278:1279:1281:1282:1283:1284:1285:1286:1287,1275,1276,1277,1278,1279,1281,1282,1283,1284,1285,1286,1287,,,,,,,,,,,199
200,1288:1289:1290:1291:1292:1293:1294:1295:1297:1298:1299:1300,1288,1289,1290,1291,1292,1293,1294,1295,1297,1298,1299,1300,,,,,,,,,,,200
201,1301:1302:1303:1304:1305:1306:1307:1308:1309:1310,1301,1302,1303,1304,1305,1306,1307,1308,1309,1310,,,,,,,,,,,,,201
202,1313:1314:1315:1316:1317:1318:1319:1320:1321:1322:1323:1324:1325:1326:1327:1328,1313,1314,1315,1316,1317,1318,1319,1320,1321,1322,1323,1324,1325,1326,1327,1328,,,,,,,202
203,1329:1330:1331:1332:1333:1334:1335:1336:1337:1338:1339:1340,1329,1330,1331,1332,1333,1334,1335,1336,1337,1338,1339,1340,,,,,,,,,,,203
204,1341:1342,1341,1342,,,,,,,,,,,,,,,,,,,,,204
205,1343:1344:1345:1346:1347:1348:1349,1343,1344,1345,1346,1347,1348,1349,,,,,,,,,,,,,,,,205
206,1350:1351:1352:1353,1350,1351,1352,1353,,,,,,,,,,,,,,,,,,,206
207,1354:1355:1356:1357:1358:1359:1360,1354,1355,1356,1357,1358,1359,1360,,,,,,,,,,,,,,,,207
208,1361:1362,1361,1362,,,,,,,,,,,,,,,,,,,,,208
209,1363:1364:1365:1367:1368:1369,1363,1364,1365,1367,1368,1369,,,,,,,,,,,,,,,,,209
210,1370:1371:1372:1373:1375:1376:1377:1378,1370,1371,1372,1373,1375,1376,1377,1378,,,,,,,,,,,,,,,210
211,1380:1381:1382:1383:1384:1387:1388,1380,1381,1382,1383,1384,1387,1388,,,,,,,,,,,,,,,,211
212,1389,1389,,,,,,,,,,,,,,,,,,,,,,212
213,1390:1391:1392:1393:1394:1395:1396,1390,1391,1392,1393,1394,1395,1396,,,,,,,,,,,,,,,,213
214,1397:1398:1399:1400:1401:1402:1403:1404,1397,1398,1399,1400,1401,1402,1403,1404,,,,,,,,,,,,,,,214
215,1405:1406,1405,1406,,,,,,,,,,,,,,,,,,,,,215
216,1407,1407,,,,,,,,,,,,,,,,,,,,,,216
217,1408:1409:1410:1411:1412:1413:1414,1408,1409,1410,1411,1412,1413,1414,,,,,,,,,,,,,,,,217
218,1415:1416:1417:1418:1419:1420,1415,1416,1417,1418,1419,1420,,,,,,,,,,,,,,,,,218
219,1421,1421,,,,,,,,,,,,,,,,,,,,,,219
220,1422:1423:1424:1425:1426:1427:1428:1429,1422,1423,1424,1425,1426,1427,1428,1429,,,,,,,,,,,,,,,220
221,1430:1431:1432:1433:1434,1430,1431,1432,1433,1434,,,,,,,,,,,,,,,,,,221
222,1435:1436:1437:1438:1439:1440,1435,1436,1437,1438,1439,1440,,,,,,,,,,,,,,,,,222
223,1441,1441,,,,,,,,,,,,,,,,,,,,,,223
224,1443:1444:1445:1446:1448:1449,1443,1444,1445,1446,1448,1449,,,,,,,,,,,,,,,,,224
225,1450:1451:1452:1453:1454:1455:1456:1457,1450,1451,1452,1453,1454,1455,1456,1457,,,,,,,,,,,,,,,225
226,1458:1459,1458,1459,,,,,,,,,,,,,,,,,,,,,226
227,1460:1461:1462:1463:1464:1465:1466,1460,1461,1462,1463,1464,1465,1466,,,,,,,,,,,,,,,,227
228,1467:1468:1469:1472:1473:1474:1475:1476:1477:1478:1479:1480:1481:1482:1483,1467,1468,1469,1472,1473,1474,1475,1476,1477,1478,1479,1480,1481,1482,1483,,,,,,,,228
229,1484:1485:1486:1487,1484,1485,1486,1487,,,,,,,,,,,,,,,,,,,229
230,1488:1489:1490:1491:1511:1512:1492:1493:1494,1488,1489,1490,1491,1511,1512,1492,1493,1494,,,,,,,,,,,,,,230
231,1495:1496:1497:1498:1499:1500:1501:1502,1495,1496,1497,1498,1499,1500,1501,1502,,,,,,,,,,,,,,,231
232,1503,1503,,,,,,,,,,,,,,,,,,,,,,232
233,1504:1505:1506:1507:1508:1509:1510,1504,1505,1506,1507,1508,1509,1510,,,,,,,,,,,,,,,,233
234,1513:1514:1515:1516:1517:1518:1519:1520:1521:1522:1523,1513,1514,1515,1516,1517,1518,1519,1520,1521,1522,1523,,,,,,,,,,,,234
235,1524:1525:1526:1527:1528:1529:1530:1531:1532:1533:1534:1535:1536:1537:1538,1524,1525,1526,1527,1528,1529,1530,1531,1532,1533,1534,1535,1536,1537,1538,,,,,,,,235
236,1539:1540:1541,1539,1540,1541,,,,,,,,,,,,,,,,,,,,236
237,1542:1543:1544:1545:1546:1547:1550,1542,1543,1544,1545,1546,1547,1550,,,,,,,,,,,,,,,,237
238,1551:1552:1553:1556:1557:1558:1559:1560:1561,1551,1552,1553,1556,1557,1558,1559,1560,1561,,,,,,,,,,,,,,238
239,1562:1563:1564:1565:1566,1562,1563,1564,1565,1566,,,,,,,,,,,,,,,,,,239
240,1567:1568:1569:1570:1571:1572:1573:1574:1575,1567,1568,1569,1570,1571,1572,1573,1574,1575,,,,,,,,,,,,,,240
241,1576:1577:1578:1579:1580:1581:1582:1583:1584:1585,1576,1577,1578,1579,1580,1581,1582,1583,1584,1585,,,,,,,,,,,,,241
242,1586,1586,,,,,,,,,,,,,,,,,,,,,,242
243,1587:1588:1589:1590:1591:1592:1593:1597:1599:1602:1603:1604,1587,1588,1589,1590,1591,1592,1593,1597,1599,1602,1603,1604,,,,,,,,,,,243
244,1605,1605,,,,,,,,,,,,,,,,,,,,,,244
245,1606:1607:1608:1609:1610:1611:1612,1606,1607,1608,1609,1610,1611,1612,,,,,,,,,,,,,,,,245
246,1613:1614:1615:1616:1617:1618:1620:1621:1622:1625:1626:1627:1628:1629,1613,1614,1615,1616,1617,1618,1620,1621,1622,1625,1626,1627,1628,1629,,,,,,,,,246
247,1630,1630,,,,,,,,,,,,,,,,,,,,,,247
248,1631:1632:1633:1634:1635:1636:1637:1638:1639:1640,1631,1632,1633,1634,1635,1636,1637,1638,1639,1640,,,,,,,,,,,,,248
249,1641:1642:1643:1644:1645:1646:1647:1648:1649:1650:1651:1652,1641,1642,1643,1644,1645,1646,1647,1648,1649,1650,1651,1652,,,,,,,,,,,249
250,1653,1653,,,,,,,,,,,,,,,,,,,,,,250
251,1655:1656:1657:1658:1659:1660:1661,1655,1656,1657,1658,1659,1660,1661,,,,,,,,,,,,,,,,251
252,1662:1663:1664:1665:1666,1662,1663,1664,1665,1666,,,,,,,,,,,,,,,,,,252
253,1667:1668:1669:1670:1671:1672:1673:1674:1675:1676:1677:1678:1679:1680:1681,1667,1668,1669,1670,1671,1672,1673,1674,1675,1676,1677,1678,1679,1680,1681,,,,,,,,253
254,1682:1683,1682,1683,,,,,,,,,,,,,,,,,,,,,254
255,1684:1685:1686:1687:1688,1684,1685,1686,1687,1688,,,,,,,,,,,,,,,,,,255
256,1689:1690:1691:1692:1693:1694:1695:1696:1697:1698,1689,1690,1691,1692,1693,1694,1695,1696,1697,1698,,,,,,,,,,,,,256
257,1704:1705,1704,1705,,,,,,,,,,,,,,,,,,,,,257
258,1706:1707:1708:1709:1710:1711:1712:1713:1714:1715:1716:1717:1718,1706,1707,1708,1709,1710,1711,1712,1713,1714,1715,1716,1717,1718,,,,,,,,,,258
259,1719:1720:1721:1722:1723:1724:1725:1726,1719,1720,1721,1722,1723,1724,1725,1726,,,,,,,,,,,,,,,259
260,1727:1728:1729:1730,1727,1728,1729,1730,,,,,,,,,,,,,,,,,,,260
261,1731:1732:1733:1734:1735:1736:1737:1738:1739,1731,1732,1733,1734,1735,1736,1737,1738,1739,,,,,,,,,,,,,,261
262,1740,1740,,,,,,,,,,,,,,,,,,,,,,262
263,1741:1742:1743:1744:1745:1746:1747:1748:1749:1750:1751,1741,1742,1743,1744,1745,1746,1747,1748,1749,1750,1751,,,,,,,,,,,,263
264,1752,1752,,,,,,,,,,,,,,,,,,,,,,264
265,1753:1754:1755:1756:1757:1758:1759:1760:1761,1753,1754,1755,1756,1757,1758,1759,1760,1761,,,,,,,,,,,,,,265
266,1762:1765:1766:1767:1768:1769,1762,1765,1766,1767,1768,1769,,,,,,,,,,,,,,,,,266
267,1770:1771:1772:1773:1774:1775:1776,1770,1771,1772,1773,1774,1775,1776,,,,,,,,,,,,,,,,267
268,1777:1781:1782:1784:1785:1787:1788:1789,1777,1781,1782,1784,1785,1787,1788,1789,,,,,,,,,,,,,,,268
269,1790:1791,1790,1791,,,,,,,,,,,,,,,,,,,,,269
270,1793:1794:1795:1796:1799:1800:1801:1802,1793,1794,1795,1796,1799,1800,1801,1802,,,,,,,,,,,,,,,270
271,1803:1804:1807:1808:1809:1812:1813:1814:1815:1816:1817,1803,1804,1807,1808,1809,1812,1813,1814,1815,1816,1817,,,,,,,,,,,,271
272,1818,1818,,,,,,,,,,,,,,,,,,,,,,272
273,1820:1821:1822:1823:1824:1825,1820,1821,1822,1823,1824,1825,,,,,,,,,,,,,,,,,273
274,1826:1827:1828:1829:1830:1831:1832:1833,1826,1827,1828,1829,1830,1831,1832,1833,,,,,,,,,,,,,,,274
275,1834,1834,,,,,,,,,,,,,,,,,,,,,,275
276,1835:1836:1837:1838:1839:1840:1841:1842:1843,1835,1836,1837,1838,1839,1840,1841,1842,1843,,,,,,,,,,,,,,276
277,1845:1847:1848:1849:1850:1851:1852:1853:1854:1855,1845,1847,1848,1849,1850,1851,1852,1853,1854,1855,,,,,,,,,,,,,277
278,1856,1856,,,,,,,,,,,,,,,,,,,,,,278
279,1857:1858:1859:1861:1862:1863:1865:1866,1857,1858,1859,1861,1862,1863,1865,1866,,,,,,,,,,,,,,,279
280,1868:1869:1870:1871:1872:1877,1868,1869,1870,1871,1872,1877,,,,,,,,,,,,,,,,,280
281,1878:1879,1878,1879,,,,,,,,,,,,,,,,,,,,,281
282,1880:1881:1882,1880,1881,1882,,,,,,,,,,,,,,,,,,,,282
283,1884:1885:1886:1887:1888:1889:1890:1891,1884,1885,1886,1887,1888,1889,1890,1891,,,,,,,,,,,,,,,283
284,1892:1893:1894:1895:1896:1897:1898:1899:1900:1901:1902,1892,1893,1894,1895,1896,1897,1898,1899,1900,1901,1902,,,,,,,,,,,,284
285,1903:1904:1905:1906:1907:1908:1909:1910,1903,1904,1905,1906,1907,1908,1909,1910,,,,,,,,,,,,,,,285
286,1911,1911,,,,,,,,,,,,,,,,,,,,,,286
287,1912:1913:1914:1915:1916:1917:1918:1919:1920:1921:1922,1912,1913,1914,1915,1916,1917,1918,1919,1920,1921,1922,,,,,,,,,,,,287
288,1923:1924:1925:1926:1927:1928:1930:1931:1932:1933:1934:1935,1923,1924,1925,1926,1927,1928,1930,1931,1932,1933,1934,1935,,,,,,,,,,,288
289,1936:1939,1936,1939,,,,,,,,,,,,,,,,,,,,,289
290,1942:1943,1942,1943,,,,,,,,,,,,,,,,,,,,,290
291,1944:1945:1946:1947:1948:1949:1950:1951:1952:1953:1954,1944,1945,1946,1947,1948,1949,1950,1951,1952,1953,1954,,,,,,,,,,,,291
292,1955:1956:1957:1958:1959:1960:1961:1962,1955,1956,1957,1958,1959,1960,1961,1962,,,,,,,,,,,,,,,292
293,1963,1963,,,,,,,,,,,,,,,,,,,,,,293
294,1964:1965:1966:1967:1968:1969:1970,1964,1965,1966,1967,1968,1969,1970,,,,,,,,,,,,,,,,294
295,1971:1972:1973:1974:1975:1976,1971,1972,1973,1974,1975,1976,,,,,,,,,,,,,,,,,295
296,1977,1977,,,,,,,,,,,,,,,,,,,,,,296
297,1978:1979:1980:1981:1982:1983:1984,1978,1979,1980,1981,1982,1983,1984,,,,,,,,,,,,,,,,297
298,1985:1986:1987:1988:1989:1993:1990:1991,1985,1986,1987,1988,1989,1993,1990,1991,,,,,,,,,,,,,,,298
299,1992,1992,,,,,,,,,,,,,,,,,,,,,,299
300,1994:1995:1996:1998:1999:2000:2001:2002:2003:2004:2005:2006:2007:2008:2009:2010,1994,1995,1996,1998,1999,2000,2001,2002,2003,2004,2005,2006,2007,2008,2009,2010,,,,,,,300
301,2011:2012:2013:2014:2015:2016:2017:2018:2019:2020:2021:2022:2023:2024,2011,2012,2013,2014,2015,2016,2017,2018,2019,2020,2021,2022,2023,2024,,,,,,,,,301
302,2025,2025,,,,,,,,,,,,,,,,,,,,,,302
303,2026:2027:2028:2031:2032:2033:2034:2035:2036:2037,2026,2027,2028,2031,2032,2033,2034,2035,2036,2037,,,,,,,,,,,,,303
304,2038:2039:2040:2041:2042:2043:2044:2045:2046:2047,2038,2039,2040,2041,2042,2043,2044,2045,2046,2047,,,,,,,,,,,,,304
305,2048,2048,,,,,,,,,,,,,,,,,,,,,,305
306,2049:2050:2051:2052:2053:2054:2055,2049,2050,2051,2052,2053,2054,2055,,,,,,,,,,,,,,,,306
307,2056:2057:2058:2059:2060:2061:2062:2063,2056,2057,2058,2059,2060,2061,2062,2063,,,,,,,,,,,,,,,307
308,2064,2064,,,,,,,,,,,,,,,,,,,,,,308
309,2066:2067:2068:2069:2070:2071:2072,2066,2067,2068,2069,2070,2071,2072,,,,,,,,,,,,,,,,309
310,2073:2074:2075:2076:2077:2078,2073,2074,2075,2076,2077,2078,,,,,,,,,,,,,,,,,310
311,2079,2079,,,,,,,,,,,,,,,,,,,,,,311
312,2080:2081:2082:2083:2084:2085:2086:2092:2093:2094:2095:2096:2097,2080,2081,2082,2083,2084,2085,2086,2092,2093,2094,2095,2096,2097,,,,,,,,,,312
313,2098,2098,,,,,,,,,,,,,,,,,,,,,,313
314,2099:2100:2101:2102:2103:2104:2105:2106:2107:2108:2109:2110,2099,2100,2101,2102,2103,2104,2105,2106,2107,2108,2109,2110,,,,,,,,,,,314
315,2111,2111,,,,,,,,,,,,,,,,,,,,,,315
316,2113:2114:2116:2117:2118:2119:2120:2121:2122:2123:2135,2113,2114,2116,2117,2118,2119,2120,2121,2122,2123,2135,,,,,,,,,,,,316
317,2124:2125:2127:2128:2129:2130:2131:2132:2133,2124,2125,2127,2128,2129,2130,2131,2132,2133,,,,,,,,,,,,,,317
318,2134,2134,,,,,,,,,,,,,,,,,,,,,,318
319,2136:2137:2138:2139:2140:2141:2142:2143:2144,2136,2137,2138,2139,2140,2141,2142,2143,2144,,,,,,,,,,,,,,319
320,2145:2146:2147:2148:2149:2150:2151,2145,2146,2147,2148,2149,2150,2151,,,,,,,,,,,,,,,,320
321,2152:2153:2154:2155:2156:2157:2158:2159:2160:2161,2152,2153,2154,2155,2156,2157,2158,2159,2160,2161,,,,,,,,,,,,,321
322,2162:2163,2162,2163,,,,,,,,,,,,,,,,,,,,,322
323,2164:2165:2166:2167:2168:2169:2170:2171,2164,2165,2166,2167,2168,2169,2170,2171,,,,,,,,,,,,,,,323
324,2172:2173:2174:2175:2176:2177:2178:2179,2172,2173,2174,2175,2176,2177,2178,2179,,,,,,,,,,,,,,,324
325,2180,2180,,,,,,,,,,,,,,,,,,,,,,325
326,2181:2182:2183:2184:2185:2186:2187:2188,2181,2182,2183,2184,2185,2186,2187,2188,,,,,,,,,,,,,,,326
327,2189:2190:2191:2192:2193:2195:2196:2197:2198,2189,2190,2191,2192,2193,2195,2196,2197,2198,,,,,,,,,,,,,,327
328,2199,2199,,,,,,,,,,,,,,,,,,,,,,328
329,2200:2201:2203:2204:2205:2206:2207:2208:2209,2200,2201,2203,2204,2205,2206,2207,2208,2209,,,,,,,,,,,,,,329
330,2211:2213:2214:2215:2216:2217:2218:2219,2211,2213,2214,2215,2216,2217,2218,2219,,,,,,,,,,,,,,,330
331,2220,2220,,,,,,,,,,,,,,,,,,,,,,331
332,2222:2223:2224:2225:2226:2227:2229,2222,2223,2224,2225,2226,2227,2229,,,,,,,,,,,,,,,,332
333,2231:2232:2233:2235:2236:2238:2239,2231,2232,2233,2235,2236,2238,2239,,,,,,,,,,,,,,,,333
334,2241:2242,2241,2242,,,,,,,,,,,,,,,,,,,,,334
335,2244:2245:2247:2248:2249,2244,2245,2247,2248,2249,,,,,,,,,,,,,,,,,,335
336,2250:2251:2252:2253:2254:2255:2256,2250,2251,2252,2253,2254,2255,2256,,,,,,,,,,,,,,,,336
337,2257,2257,,,,,,,,,,,,,,,,,,,,,,337
338,2258:2259:2260:2261:2262,2258,2259,2260,2261,2262,,,,,,,,,,,,,,,,,,338
339,2264:2265:2266:2267:2268:2269:2270:2271,2264,2265,2266,2267,2268,2269,2270,2271,,,,,,,,,,,,,,,339
340,2272:2273:2274:2275:2276:2277:2278:2279:2280:2281:2282:2283:2293,2272,2273,2274,2275,2276,2277,2278,2279,2280,2281,2282,2283,2293,,,,,,,,,,340
341,2284:2285:2286:2287:2288:2289:2290,2284,2285,2286,2287,2288,2289,2290,,,,,,,,,,,,,,,,341
342,2291:2292,2291,2292,,,,,,,,,,,,,,,,,,,,,342
343,2294:2295:2296:2297:2298:2299:2300:2301:2302,2294,2295,2296,2297,2298,2299,2300,2301,2302,,,,,,,,,,,,,,343
344,2303:2304:2305:2306:2307:2308,2303,2304,2305,2306,2307,2308,,,,,,,,,,,,,,,,,344
345,2309,2309,,,,,,,,,,,,,,,,,,,,,,345
346,2310:2311:2312:2313:2314:2315:2316,2310,2311,2312,2313,2314,2315,2316,,,,,,,,,,,,,,,,346
347,2317:2318:2319:2320:2321:2322:2323:2324,2317,2318,2319,2320,2321,2322,2323,2324,,,,,,,,,,,,,,,347
348,2325:2326:2327,2325,2326,2327,,,,,,,,,,,,,,,,,,,,348
349,2328:2329,2328,2329,,,,,,,,,,,,,,,,,,,,,349
350,2331:2332:2333:2334:2335:2336,2331,2332,2333,2334,2335,2336,,,,,,,,,,,,,,,,,350
351,2337:2338:2339:2340:2341:2342:2343,2337,2338,2339,2340,2341,2342,2343,,,,,,,,,,,,,,,,351
352,2344,2344,,,,,,,,,,,,,,,,,,,,,,352
353,2345:2346:2347:2348:2349:2350:2351:2352,2345,2346,2347,2348,2349,2350,2351,2352,,,,,,,,,,,,,,,353
354,2353:2354:2355:2356:2357:2358:2359:2360:2361:2362:2363:2364,2353,2354,2355,2356,2357,2358,2359,2360,2361,2362,2363,2364,,,,,,,,,,,354
355,2365:2366,2365,2366,,,,,,,,,,,,,,,,,,,,,355
356,2367:2368:2369:2370:2371:2372:2373:2374:2375:2376:2377:2378:2379:2380:2381:2382:2383:2384,2367,2368,2369,2370,2371,2372,2373,2374,2375,2376,2377,2378,2379,2380,2381,2382,2383,2384,,,,,356
357,2385:2386,2385,2386,,,,,,,,,,,,,,,,,,,,,357
358,2387:2388:2389:2391:2393:2394:2395,2387,2388,2389,2391,2393,2394,2395,,,,,,,,,,,,,,,,358
359,2397:2398:2399:2400:2401:2402:2403,2397,2398,2399,2400,2401,2402,2403,,,,,,,,,,,,,,,,359
360,2404,2404,,,,,,,,,,,,,,,,,,,,,,360
361,2405:2406:2407:2408:2409:2410:2411,2405,2406,2407,2408,2409,2410,2411,,,,,,,,,,,,,,,,361
362,2412:2413:2414:2415:2416:2417:2418:2419:2420:2421:2422,2412,2413,2414,2415,2416,2417,2418,2419,2420,2421,2422,,,,,,,,,,,,362
363,2423:2424,2423,2424,,,,,,,,,,,,,,,,,,,,,363
364,2426:2427:2429:2430:2431:2432:2433,2426,2427,2429,2430,2431,2432,2433,,,,,,,,,,,,,,,,364
365,2434:2435:2436:2437:2438:2439:2440:2445:2441:2443,2434,2435,2436,2437,2438,2439,2440,2445,2441,2443,,,,,,,,,,,,,365
366,2444,2444,,,,,,,,,,,,,,,,,,,,,,366
367,2446:2447:2448:2449:2450:2451:2452,2446,2447,2448,2449,2450,2451,2452,,,,,,,,,,,,,,,,367
368,2453:2455:2456:2457:2458:2459:2460:2461:2462:2463,2453,2455,2456,2457,2458,2459,2460,2461,2462,2463,,,,,,,,,,,,,368
369,2465:2466,2465,2466,,,,,,,,,,,,,,,,,,,,,369
370,2467:2468:2469:2470:2472:2473,2467,2468,2469,2470,2472,2473,,,,,,,,,,,,,,,,,370
371,2474:2475:2476:2477:2478:2479:2480,2474,2475,2476,2477,2478,2479,2480,,,,,,,,,,,,,,,,371
372,2481:2482,2481,2482,,,,,,,,,,,,,,,,,,,,,372
373,2484:2485:2486:2487:2488:2489,2484,2485,2486,2487,2488,2489,,,,,,,,,,,,,,,,,373
374,2490:2491:2492:2493:2494:2495,2490,2491,2492,2493,2494,2495,,,,,,,,,,,,,,,,,374
375,2496,2496,,,,,,,,,,,,,,,,,,,,,,375
376,2498:2499:2500:2501:2502:2503,2498,2499,2500,2501,2502,2503,,,,,,,,,,,,,,,,,376
377,2505:2508:2510:2511:2512:2513,2505,2508,2510,2511,2512,2513,,,,,,,,,,,,,,,,,377
378,2514,2514,,,,,,,,,,,,,,,,,,,,,,378
379,2516:2517:2518:2519:2520:2522:2523,2516,2517,2518,2519,2520,2522,2523,,,,,,,,,,,,,,,,379
380,2524:2525:2526:2527:2528,2524,2525,2526,2527,2528,,,,,,,,,,,,,,,,,,380
381,2529,2529,,,,,,,,,,,,,,,,,,,,,,381
382,2530:2531:2532:2533:2535:2536,2530,2531,2532,2533,2535,2536,,,,,,,,,,,,,,,,,382
383,2537:2538:2539:2540:2541:2542:2543:2544:2545:2546:2547,2537,2538,2539,2540,2541,2542,2543,2544,2545,2546,2547,,,,,,,,,,,,383
384,2548:2549,2548,2549,,,,,,,,,,,,,,,,,,,,,384
385,2550:2551:2552:2553:2554:2555,2550,2551,2552,2553,2554,2555,,,,,,,,,,,,,,,,,385
386,2556:2557:2558:2559:2560:2561:2562,2556,2557,2558,2559,2560,2561,2562,,,,,,,,,,,,,,,,386
387,2564:2566:2567,2564,2566,2567,,,,,,,,,,,,,,,,,,,,387
388,2563:2565:2568:2569:2570,2563,2565,2568,2569,2570,,,,,,,,,,,,,,,,,,388
389,2571:2572:2573:2574:2575:2576,2571,2572,2573,2574,2575,2576,,,,,,,,,,,,,,,,,389
390,2577,2577,,,,,,,,,,,,,,,,,,,,,,390
391,2578:2579:2580:2581:2582:2584,2578,2579,2580,2581,2582,2584,,,,,,,,,,,,,,,,,391
392,2588:2589:2590:2591:2592:2593:4164,2588,2589,2590,2591,2592,2593,4164,,,,,,,,,,,,,,,,392
393,2598,2598,,,,,,,,,,,,,,,,,,,,,,393
394,2602:2603:2604:2605:2606:2607:2609:2610:2611:2612:2613:2614,2602,2603,2604,2605,2606,2607,2609,2610,2611,2612,2613,2614,,,,,,,,,,,394
395,2615,2615,,,,,,,,,,,,,,,,,,,,,,395
396,2616:2617:2618:2619:2620:2621:2622:2623,2616,2617,2618,2619,2620,2621,2622,2623,,,,,,,,,,,,,,,396
397,2625:2626:2628:2629:2630:2631,2625,2626,2628,2629,2630,2631,,,,,,,,,,,,,,,,,397
398,2632,2632,,,,,,,,,,,,,,,,,,,,,,398
399,2634:2635:2636:2637:2638,2634,2635,2636,2637,2638,,,,,,,,,,,,,,,,,,399
400,2639:2640:2643:2644:2645,2639,2640,2643,2644,2645,,,,,,,,,,,,,,,,,,400
401,2646,2646,,,,,,,,,,,,,,,,,,,,,,401
402,2649:2650:2651:2652:2653,2649,2650,2651,2652,2653,,,,,,,,,,,,,,,,,,402
403,2654:2655:2656:2657:2658:2659:2660,2654,2655,2656,2657,2658,2659,2660,,,,,,,,,,,,,,,,403
404,2661:2662:2663:2664:2666:2667,2661,2662,2663,2664,2666,2667,,,,,,,,,,,,,,,,,404
405,2669:2671:2672:2674:2675:2676,2669,2671,2672,2674,2675,2676,,,,,,,,,,,,,,,,,405
406,2677,2677,,,,,,,,,,,,,,,,,,,,,,406
407,2678:2679:2680:2681:2682:2683,2678,2679,2680,2681,2682,2683,,,,,,,,,,,,,,,,,407
408,2684:2685:2686:2687:2688:2689:2694:2695:2696:2697:2690:2691,2684,2685,2686,2687,2688,2689,2694,2695,2696,2697,2690,2691,,,,,,,,,,,408
409,2692:2693,2692,2693,,,,,,,,,,,,,,,,,,,,,409
410,2699:2700:2702:2703:2704:2705:2706,2699,2700,2702,2703,2704,2705,2706,,,,,,,,,,,,,,,,410
411,2707:2708:2709:2710:2711,2707,2708,2709,2710,2711,,,,,,,,,,,,,,,,,,411
412,2712:2713:2714:2715:2716:2717,2712,2713,2714,2715,2716,2717,,,,,,,,,,,,,,,,,412
413,2718:2719,2718,2719,,,,,,,,,,,,,,,,,,,,,413
414,2720:2721:2722:2723:2724:2725:2726:2727:2728,2720,2721,2722,2723,2724,2725,2726,2727,2728,,,,,,,,,,,,,,414
415,2729:2730:2731:2732:2733:2734,2729,2730,2731,2732,2733,2734,,,,,,,,,,,,,,,,,415
416,2736:2737:2738:2739:2740:2742:2743:2745:2746:2747:2748,2736,2737,2738,2739,2740,2742,2743,2745,2746,2747,2748,,,,,,,,,,,,416
417,2749,2749,,,,,,,,,,,,,,,,,,,,,,417
418,2750:2751:2752:2753:2754:2755:2756:2757,2750,2751,2752,2753,2754,2755,2756,2757,,,,,,,,,,,,,,,418
419,2758:2759:2760:2761:2762:2763:2764,2758,2759,2760,2761,2762,2763,2764,,,,,,,,,,,,,,,,419
420,2765:2766,2765,2766,,,,,,,,,,,,,,,,,,,,,420
421,2773:2767:2768:2769:2770:2771:2772,2773,2767,2768,2769,2770,2771,2772,,,,,,,,,,,,,,,,421
422,2774:2775:2776:2777:2778,2774,2775,2776,2777,2778,,,,,,,,,,,,,,,,,,422
423,2779,2779,,,,,,,,,,,,,,,,,,,,,,423
424,2780:2781:2782:2783:2784:2785:2786:2787,2780,2781,2782,2783,2784,2785,2786,2787,,,,,,,,,,,,,,,424
425,2788:2789:2790:2791:2792:2793:2794,2788,2789,2790,2791,2792,2793,2794,,,,,,,,,,,,,,,,425
426,2795,2795,,,,,,,,,,,,,,,,,,,,,,426
427,2796:2797:2798:2799:2800:2801:2802,2796,2797,2798,2799,2800,2801,2802,,,,,,,,,,,,,,,,427
428,2803:2804:2805:2806:2807,2803,2804,2805,2806,2807,,,,,,,,,,,,,,,,,,428
429,2808:2809:2810:2811:2812:2813,2808,2809,2810,2811,2812,2813,,,,,,,,,,,,,,,,,429
430,2814:2815:2816:2817:2818:2819,2814,2815,2816,2817,2818,2819,,,,,,,,,,,,,,,,,430
431,2820:2821:2822:2823:2824:2825:2826:2827,2820,2821,2822,2823,2824,2825,2826,2827,,,,,,,,,,,,,,,431
432,2828:2829:2830:2831:2832:2833:2834:2835:2836:2837:2838:2839,2828,2829,2830,2831,2832,2833,2834,2835,2836,2837,2838,2839,,,,,,,,,,,432
433,2840,2840,,,,,,,,,,,,,,,,,,,,,,433
434,2841:2842:2843:2844:2845:2846,2841,2842,2843,2844,2845,2846,,,,,,,,,,,,,,,,,434
435,2847:2848:2849:2850:2851,2847,2848,2849,2850,2851,,,,,,,,,,,,,,,,,,435
436,2852,2852,,,,,,,,,,,,,,,,,,,,,,436
437,2853:2854:2855:2856:2857,2853,2854,2855,2856,2857,,,,,,,,,,,,,,,,,,437
438,2858:2859:2860:2861:2862:2863:2864,2858,2859,2860,2861,2862,2863,2864,,,,,,,,,,,,,,,,438
439,2865,2865,,,,,,,,,,,,,,,,,,,,,,439
440,2866:2867:2868:2869:2870:2871,2866,2867,2868,2869,2870,2871,,,,,,,,,,,,,,,,,440
441,2872:2873:2874:2875:2876,2872,2873,2874,2875,2876,,,,,,,,,,,,,,,,,,441
442,2877:2878:2879:2880:2881:2882,2877,2878,2879,2880,2881,2882,,,,,,,,,,,,,,,,,442
443,2883:2884:2885:2886:2887:2888:2889,2883,2884,2885,2886,2887,2888,2889,,,,,,,,,,,,,,,,443
444,2890:2891:2892,2890,2891,2892,,,,,,,,,,,,,,,,,,,,444
445,2893:2894:2895:2896:2897:2898:2899,2893,2894,2895,2896,2897,2898,2899,,,,,,,,,,,,,,,,445
446,2900:2901:2902:2903:2904:2905:2906:2907:2908:2909:2910:2913:2914,2900,2901,2902,2903,2904,2905,2906,2907,2908,2909,2910,2913,2914,,,,,,,,,,446
447,2915,2915,,,,,,,,,,,,,,,,,,,,,,447
448,2916:2917:2918:2919:2920,2916,2917,2918,2919,2920,,,,,,,,,,,,,,,,,,448
449,2921:2922:2923:2924:2925:2926:2927:2928,2921,2922,2923,2924,2925,2926,2927,2928,,,,,,,,,,,,,,,449
450,2929,2929,,,,,,,,,,,,,,,,,,,,,,450
451,2930:2931:2932:2933:2934:2935,2930,2931,2932,2933,2934,2935,,,,,,,,,,,,,,,,,451
452,2936:2943:2944:2937:2938:2939:2940,2936,2943,2944,2937,2938,2939,2940,,,,,,,,,,,,,,,,452
453,2941:2942,2941,2942,,,,,,,,,,,,,,,,,,,,,453
454,2945:2946:2947:2948:2949,2945,2946,2947,2948,2949,,,,,,,,,,,,,,,,,,454
455,2950:2951:2952:2953:2954:2955:2956,2950,2951,2952,2953,2954,2955,2956,,,,,,,,,,,,,,,,455
456,2957,2957,,,,,,,,,,,,,,,,,,,,,,456
457,2958:2959:2960:2961:2962,2958,2959,2960,2961,2962,,,,,,,,,,,,,,,,,,457
458,2963:2964:2965:2966:2967:2968,2963,2964,2965,2966,2967,2968,,,,,,,,,,,,,,,,,458
459,2974,2974,,,,,,,,,,,,,,,,,,,,,,459
460,2975:2976:2977:2978:2979:2980:2981,2975,2976,2977,2978,2979,2980,2981,,,,,,,,,,,,,,,,460
461,2982:2983:2984:2985:2986:2987:2988:2989,2982,2983,2984,2985,2986,2987,2988,2989,,,,,,,,,,,,,,,461
462,2990:2991:2992,2990,2991,2992,,,,,,,,,,,,,,,,,,,,462
463,2993:2994:2995:2996:2997:2998:2999:3000:3001,2993,2994,2995,2996,2997,2998,2999,3000,3001,,,,,,,,,,,,,,463
464,3002:3003:3004:3005:3006:3007:3008:3009:3010:3011:3012:3013:3014:3015,3002,3003,3004,3005,3006,3007,3008,3009,3010,3011,3012,3013,3014,3015,,,,,,,,,464
465,3016:3017:3018:3019:3020:3021:3022:3023:3024:3025:3026:3027,3016,3017,3018,3019,3020,3021,3022,3023,3024,3025,3026,3027,,,,,,,,,,,465
466,3028:3029:3030:3031:3032,3028,3029,3030,3031,3032,,,,,,,,,,,,,,,,,,466
467,3033:3034:3035:3036:3037:3038:3039,3033,3034,3035,3036,3037,3038,3039,,,,,,,,,,,,,,,,467
468,3040,3040,,,,,,,,,,,,,,,,,,,,,,468
469,3041:3042:3043:3044:3045:3046,3041,3042,3043,3044,3045,3046,,,,,,,,,,,,,,,,,469
470,3047:3048:3049:3050:3051:3052:3056:3053,3047,3048,3049,3050,3051,3052,3056,3053,,,,,,,,,,,,,,,470
471,3054:3055,3054,3055,,,,,,,,,,,,,,,,,,,,,471
472,3057:3058:3059:3060:3061:3062:3063,3057,3058,3059,3060,3061,3062,3063,,,,,,,,,,,,,,,,472
473,3064:3065:3066:3067:3068:3069:3071:3072:3073:3074,3064,3065,3066,3067,3068,3069,3071,3072,3073,3074,,,,,,,,,,,,,473
474,3075:3076,3075,3076,,,,,,,,,,,,,,,,,,,,,474
475,3077:3078:3079:3080:3081,3077,3078,3079,3080,3081,,,,,,,,,,,,,,,,,,475
476,3082:3083:3084:3085:3086:3087,3082,3083,3084,3085,3086,3087,,,,,,,,,,,,,,,,,476
477,3088,3088,,,,,,,,,,,,,,,,,,,,,,477
478,3089:3090:3091:3092:3093:3094:3095,3089,3090,3091,3092,3093,3094,3095,,,,,,,,,,,,,,,,478
479,3096:3097:3098:3099:3100:3101,3096,3097,3098,3099,3100,3101,,,,,,,,,,,,,,,,,479
480,3102,3102,,,,,,,,,,,,,,,,,,,,,,480
481,3103:3104:3105:3106:3107:3108,3103,3104,3105,3106,3107,3108,,,,,,,,,,,,,,,,,481
482,3109:3110:3111:3112:3113:3114:3115,3109,3110,3111,3112,3113,3114,3115,,,,,,,,,,,,,,,,482
483,3116:3117,3116,3117,,,,,,,,,,,,,,,,,,,,,483
484,3118:3119:3120:3121:3122:3123,3118,3119,3120,3121,3122,3123,,,,,,,,,,,,,,,,,484
485,3124:3125:3126:3127:3128:3129:3130,3124,3125,3126,3127,3128,3129,3130,,,,,,,,,,,,,,,,485
486,3131,3131,,,,,,,,,,,,,,,,,,,,,,486
487,3132:3133:3142:3135:3136:3137:3138,3132,3133,3142,3135,3136,3137,3138,,,,,,,,,,,,,,,,487
488,3139:3140:3141:3143:3144,3139,3140,3141,3143,3144,,,,,,,,,,,,,,,,,,488
489,3145,3145,,,,,,,,,,,,,,,,,,,,,,489
490,3146:3147:3148:3149:3150:3151,3146,3147,3148,3149,3150,3151,,,,,,,,,,,,,,,,,490
491,3152:3153:3154:3155:3156:3157,3152,3153,3154,3155,3156,3157,,,,,,,,,,,,,,,,,491
492,3158:3159,3158,3159,,,,,,,,,,,,,,,,,,,,,492
493,3160:3161:3162:3163:3164:3165:3166:3167,3160,3161,3162,3163,3164,3165,3166,3167,,,,,,,,,,,,,,,493
494,3168:3169:3192:3170:3193:3171:3172:3173,3168,3169,3192,3170,3193,3171,3172,3173,,,,,,,,,,,,,,,494
495,3174,3174,,,,,,,,,,,,,,,,,,,,,,495
496,3176:3177:3178:3179:3180:3181,3176,3177,3178,3179,3180,3181,,,,,,,,,,,,,,,,,496
497,3182:3183:3184:3185:3186:3187:3188:3189,3182,3183,3184,3185,3186,3187,3188,3189,,,,,,,,,,,,,,,497
498,3190:3191,3190,3191,,,,,,,,,,,,,,,,,,,,,498
499,3194:3195:3196:3197:3198:3199,3194,3195,3196,3197,3198,3199,,,,,,,,,,,,,,,,,499
500,3200:3201:3202:3204:3205:3207,3200,3201,3202,3204,3205,3207,,,,,,,,,,,,,,,,,500
501,3209,3209,,,,,,,,,,,,,,,,,,,,,,501
502,3210:3211:3212:3213:3214:3215,3210,3211,3212,3213,3214,3215,,,,,,,,,,,,,,,,,502
503,3216:3217:3218:3219:3220:3221,3216,3217,3218,3219,3220,3221,,,,,,,,,,,,,,,,,503
504,3222,3222,,,,,,,,,,,,,,,,,,,,,,504
505,3223:3224:3225:3226:3227:3228,3223,3224,3225,3226,3227,3228,,,,,,,,,,,,,,,,,505
506,3229:3230:3231:3232:3233:3234:3235:3236:3237:3238:3239,3229,3230,3231,3232,3233,3234,3235,3236,3237,3238,3239,,,,,,,,,,,,506
507,3240:3241,3240,3241,,,,,,,,,,,,,,,,,,,,,507
508,3242:3243:3244:3245:3246:3247,3242,3243,3244,3245,3246,3247,,,,,,,,,,,,,,,,,508
509,3248:3249:3250:3251:3252:3253:3254,3248,3249,3250,3251,3252,3253,3254,,,,,,,,,,,,,,,,509
510,3255,3255,,,,,,,,,,,,,,,,,,,,,,510
511,3256:3257:3258:3259:3260,3256,3257,3258,3259,3260,,,,,,,,,,,,,,,,,,511
512,3261:3262:3263:3264:3265:3266:3267,3261,3262,3263,3264,3265,3266,3267,,,,,,,,,,,,,,,,512
513,3268,3268,,,,,,,,,,,,,,,,,,,,,,513
514,3269:3270:3271:3272:3273:3274:3275,3269,3270,3271,3272,3273,3274,3275,,,,,,,,,,,,,,,,514
515,3276:3277:3278:3279:3280:3281:3282:3283,3276,3277,3278,3279,3280,3281,3282,3283,,,,,,,,,,,,,,,515
516,3284:3285,3284,3285,,,,,,,,,,,,,,,,,,,,,516
517,3286:3287:3288:3289:3290:3291,3286,3287,3288,3289,3290,3291,,,,,,,,,,,,,,,,,517
518,3292:3293:3294:3295:3296:3297:3298,3292,3293,3294,3295,3296,3297,3298,,,,,,,,,,,,,,,,518
519,3299:3300,3299,3300,,,,,,,,,,,,,,,,,,,,,519
520,3301:3302:3303:3304:3305:3306:3307,3301,3302,3303,3304,3305,3306,3307,,,,,,,,,,,,,,,,520
521,3308:3309:3310:3311:3312:3313:3314:3315:3316,3308,3309,3310,3311,3312,3313,3314,3315,3316,,,,,,,,,,,,,,521
522,3322,3322,,,,,,,,,,,,,,,,,,,,,,522
523,3323:3324:3325:3326:3327:3328:3329,3323,3324,3325,3326,3327,3328,3329,,,,,,,,,,,,,,,,523
524,3330:3331:3332:3333:3334:3335:3336:3337,3330,3331,3332,3333,3334,3335,3336,3337,,,,,,,,,,,,,,,524
525,3338:3341:3342:3343:3344,3338,3341,3342,3343,3344,,,,,,,,,,,,,,,,,,525
526,3345:3346:3347:3348:3349:3350,3345,3346,3347,3348,3349,3350,,,,,,,,,,,,,,,,,526
527,3351:3352:3353:3354:3355:3356,3351,3352,3353,3354,3355,3356,,,,,,,,,,,,,,,,,527
528,3357:3358,3357,3358,,,,,,,,,,,,,,,,,,,,,528
529,3359:3360:3361:3362:3363:3364,3359,3360,3361,3362,3363,3364,,,,,,,,,,,,,,,,,529
530,3365:3366:3367:3368:3369:3370:3371,3365,3366,3367,3368,3369,3370,3371,,,,,,,,,,,,,,,,530
531,3372:3373,3372,3373,,,,,,,,,,,,,,,,,,,,,531
532,3374:3375:3376:3377:3378:3379:3380:3381:3382:3383,3374,3375,3376,3377,3378,3379,3380,3381,3382,3383,,,,,,,,,,,,,532
533,3384:3385:3386:3387:3388:3389:3390,3384,3385,3386,3387,3388,3389,3390,,,,,,,,,,,,,,,,533
534,3391:3392:3393:3394:3395:3396:3397,3391,3392,3393,3394,3395,3396,3397,,,,,,,,,,,,,,,,534
535,3398,3398,,,,,,,,,,,,,,,,,,,,,,535
536,3399:3400:3401:3402,3399,3400,3401,3402,,,,,,,,,,,,,,,,,,,536
537,3403:3404:3405:3406:3407:3408,3403,3404,3405,3406,3407,3408,,,,,,,,,,,,,,,,,537
538,3409:3410,3409,3410,,,,,,,,,,,,,,,,,,,,,538
539,3411:3412:3413:3414,3411,3412,3413,3414,,,,,,,,,,,,,,,,,,,539
540,3415:3416:3417:3418:3419:3420:3421:3422,3415,3416,3417,3418,3419,3420,3421,3422,,,,,,,,,,,,,,,540
541,3423,3423,,,,,,,,,,,,,,,,,,,,,,541
542,3424:3425:3426:3427:3428:3429,3424,3425,3426,3427,3428,3429,,,,,,,,,,,,,,,,,542
543,3430:3431:3432:3433:3434:3435,3430,3431,3432,3433,3434,3435,,,,,,,,,,,,,,,,,543
544,3436:3437,3436,3437,,,,,,,,,,,,,,,,,,,,,544
545,3438:3439:3440:3441:3442:3443,3438,3439,3440,3441,3442,3443,,,,,,,,,,,,,,,,,545
546,3444:3445:3446:3447:3448:3449:3450,3444,3445,3446,3447,3448,3449,3450,,,,,,,,,,,,,,,,546
547,3451,3451,,,,,,,,,,,,,,,,,,,,,,547
548,3452:3453:3454:3455:3456:3457,3452,3453,3454,3455,3456,3457,,,,,,,,,,,,,,,,,548
549,3458:3459:3460:3461:3462:3463:3464:3465,3458,3459,3460,3461,3462,3463,3464,3465,,,,,,,,,,,,,,,549
550,3466:3467:3482:3468:3469:3483:3470:3471:3472:3473:3474:3475:3476:3477:3478:3479:3480:3481,3466,3467,3482,3468,3469,3483,3470,3471,3472,3473,3474,3475,3476,3477,3478,3479,3480,3481,,,,,550
551,3484:3485:3486:3487:3488:3489:3490,3484,3485,3486,3487,3488,3489,3490,,,,,,,,,,,,,,,,551
552,3491:3492:3493:3494:3495:3496,3491,3492,3493,3494,3495,3496,,,,,,,,,,,,,,,,,552
553,3497,3497,,,,,,,,,,,,,,,,,,,,,,553
554,3498:3499:3500:3501:3502:3503:3504:3505:3506,3498,3499,3500,3501,3502,3503,3504,3505,3506,,,,,,,,,,,,,,554
555,3507:3508:3509:3510:3511:3512:3513:3514:3515:3516,3507,3508,3509,3510,3511,3512,3513,3514,3515,3516,,,,,,,,,,,,,555
556,3517,3517,,,,,,,,,,,,,,,,,,,,,,556
557,3518:3519:3520:3521:3522,3518,3519,3520,3521,3522,,,,,,,,,,,,,,,,,,557
558,3523:3524:3525:3526:3527:3528,3523,3524,3525,3526,3527,3528,,,,,,,,,,,,,,,,,558
559,3529,3529,,,,,,,,,,,,,,,,,,,,,,559
560,3530:3531:3532:3533:3534,3530,3531,3532,3533,3534,,,,,,,,,,,,,,,,,,560
561,3540:3541:3542:3543:3544:3545:3546,3540,3541,3542,3543,3544,3545,3546,,,,,,,,,,,,,,,,561
562,3547:3548:3549:3550,3547,3548,3549,3550,,,,,,,,,,,,,,,,,,,562
563,3551:3552:3553:3554:3555:3556:3557,3551,3552,3553,3554,3555,3556,3557,,,,,,,,,,,,,,,,563
564,3558:3559:3560:3561:3562:3563:3564,3558,3559,3560,3561,3562,3563,3564,,,,,,,,,,,,,,,,564
565,3565,3565,,,,,,,,,,,,,,,,,,,,,,565
566,3566:3567:3568:3569:3570:3571,3566,3567,3568,3569,3570,3571,,,,,,,,,,,,,,,,,566
567,3572:3573:3574:3575:3576:3577:3578:3579,3572,3573,3574,3575,3576,3577,3578,3579,,,,,,,,,,,,,,,567
568,3580,3580,,,,,,,,,,,,,,,,,,,,,,568
569,3581:3582:3583:3585:3586:3587,3581,3582,3583,3585,3586,3587,,,,,,,,,,,,,,,,,569
570,3588:3589:3590:3591:3592,3588,3589,3590,3591,3592,,,,,,,,,,,,,,,,,,570
571,3593,3593,,,,,,,,,,,,,,,,,,,,,,571
572,3594:3595:3596:3597:3598:3599,3594,3595,3596,3597,3598,3599,,,,,,,,,,,,,,,,,572
573,3600:3601:3602:3603:3604:3607:3605,3600,3601,3602,3603,3604,3607,3605,,,,,,,,,,,,,,,,573
574,3606,3606,,,,,,,,,,,,,,,,,,,,,,574
575,3608:3609:3610:3611:3612:3613,3608,3609,3610,3611,3612,3613,,,,,,,,,,,,,,,,,575
576,3614:3615:3616:3617:3618:3619:3620,3614,3615,3616,3617,3618,3619,3620,,,,,,,,,,,,,,,,576
577,3621:3622:3623:3624:3625:3626,3621,3622,3623,3624,3625,3626,,,,,,,,,,,,,,,,,577
578,3627:3628:3629:3630:3631:3632,3627,3628,3629,3630,3631,3632,,,,,,,,,,,,,,,,,578
579,3633:3634:3635:3636:3637:3638:3639:3640:3641,3633,3634,3635,3636,3637,3638,3639,3640,3641,,,,,,,,,,,,,,579
580,3642:3643:3644:3645,3642,3643,3644,3645,,,,,,,,,,,,,,,,,,,580
581,3646,3646,,,,,,,,,,,,,,,,,,,,,,581
582,3647:3648:3649,3647,3648,3649,,,,,,,,,,,,,,,,,,,,582
583,3651:3652:3653,3651,3652,3653,,,,,,,,,,,,,,,,,,,,583
584,3654:3655:3656:3657:3658:3659,3654,3655,3656,3657,3658,3659,,,,,,,,,,,,,,,,,584
585,3660:3661:3662:3663:3664:3665:3666,3660,3661,3662,3663,3664,3665,3666,,,,,,,,,,,,,,,,585
586,3667,3667,,,,,,,,,,,,,,,,,,,,,,586
587,3668:3669:3670:3671:3672:3673,3668,3669,3670,3671,3672,3673,,,,,,,,,,,,,,,,,587
588,3674:3675:3676:3677:3678:3679,3674,3675,3676,3677,3678,3679,,,,,,,,,,,,,,,,,588
589,3680,3680,,,,,,,,,,,,,,,,,,,,,,589
590,3681:3682:3683:3684:3685:3686:3687:3688,3681,3682,3683,3684,3685,3686,3687,3688,,,,,,,,,,,,,,,590
591,3689:3690:3691:3692:3693:3694,3689,3690,3691,3692,3693,3694,,,,,,,,,,,,,,,,,591
592,3695,3695,,,,,,,,,,,,,,,,,,,,,,592
593,3696:3697:3698:3699:3700,3696,3697,3698,3699,3700,,,,,,,,,,,,,,,,,,593
594,3701:3702:3703:3704:3705:3706:3707:3708:3709,3701,3702,3703,3704,3705,3706,3707,3708,3709,,,,,,,,,,,,,,594
595,3710:3711:3712:3713:3714:3715:3716,3710,3711,3712,3713,3714,3715,3716,,,,,,,,,,,,,,,,595
596,3717:3718:3719:3720:3721:3722,3717,3718,3719,3720,3721,3722,,,,,,,,,,,,,,,,,596
597,3723,3723,,,,,,,,,,,,,,,,,,,,,,597
598,3724:3725:3726:3727:3728:3729:3730,3724,3725,3726,3727,3728,3729,3730,,,,,,,,,,,,,,,,598
599,3731:3732:3733:3734:3735:3736:3737:3738:3739,3731,3732,3733,3734,3735,3736,3737,3738,3739,,,,,,,,,,,,,,599
600,3740,3740,,,,,,,,,,,,,,,,,,,,,,600
601,3741:3742:3743:3744:3745:3746,3741,3742,3743,3744,3745,3746,,,,,,,,,,,,,,,,,601
602,3747:3748:3749:3750:3751:3752,3747,3748,3749,3750,3751,3752,,,,,,,,,,,,,,,,,602
603,3755,3755,,,,,,,,,,,,,,,,,,,,,,603
604,3756:3757:3758:3759:3760:3761,3756,3757,3758,3759,3760,3761,,,,,,,,,,,,,,,,,604
605,3762:3763:3764:3765:3766:3767:3768,3762,3763,3764,3765,3766,3767,3768,,,,,,,,,,,,,,,,605
606,3769:3770,3769,3770,,,,,,,,,,,,,,,,,,,,,606
607,3771:3772:3773:3774:3775,3771,3772,3773,3774,3775,,,,,,,,,,,,,,,,,,607
608,3776:3777:3778:3787:3779:3780:3781:3782:3783:3784:3785,3776,3777,3778,3787,3779,3780,3781,3782,3783,3784,3785,,,,,,,,,,,,608
609,3786:4163,3786,4163,,,,,,,,,,,,,,,,,,,,,609
610,3788:3789:3790:3791:3792:3793:3794:3795:3796:3797,3788,3789,3790,3791,3792,3793,3794,3795,3796,3797,,,,,,,,,,,,,610
611,3798:3799:3800:3801,3798,3799,3800,3801,,,,,,,,,,,,,,,,,,,611
613,3803:3804:3805:3806,3803,3804,3805,3806,,,,,,,,,,,,,,,,,,,613
614,3807:3808:3809:3810:3811:3812:3813:3814:3815:3816:3817:3818:3819:3820:3821:3822,3807,3808,3809,3810,3811,3812,3813,3814,3815,3816,3817,3818,3819,3820,3821,3822,,,,,,,614
615,3823,3823,,,,,,,,,,,,,,,,,,,,,,615
616,3824:3825:3826:3827:3828:3829,3824,3825,3826,3827,3828,3829,,,,,,,,,,,,,,,,,616
617,3830:3831:3832:3833:3834:3835,3830,3831,3832,3833,3834,3835,,,,,,,,,,,,,,,,,617
618,3836,3836,,,,,,,,,,,,,,,,,,,,,,618
619,3837:3838:3839:3840:3841:3842,3837,3838,3839,3840,3841,3842,,,,,,,,,,,,,,,,,619
620,3843:3844:3845:3846:3847,3843,3844,3845,3846,3847,,,,,,,,,,,,,,,,,,620
621,3848:3849:3850:3851:3852,3848,3849,3850,3851,3852,,,,,,,,,,,,,,,,,,621
622,3853:3854:3855:3856:3857:3858:3859,3853,3854,3855,3856,3857,3858,3859,,,,,,,,,,,,,,,,622
623,3860,3860,,,,,,,,,,,,,,,,,,,,,,623
624,3861:3862:3863:3864:3865:3866,3861,3862,3863,3864,3865,3866,,,,,,,,,,,,,,,,,624
625,3867:3868:3869:3870:3871,3867,3868,3869,3870,3871,,,,,,,,,,,,,,,,,,625
626,3872,3872,,,,,,,,,,,,,,,,,,,,,,626
627,3873:3874:3875:3876:3877:3878,3873,3874,3875,3876,3877,3878,,,,,,,,,,,,,,,,,627
628,3879:3880:3881:3882:3883:3884:3885:3886,3879,3880,3881,3882,3883,3884,3885,3886,,,,,,,,,,,,,,,628
629,3887:3888,3887,3888,,,,,,,,,,,,,,,,,,,,,629
630,3889:3890:3891:3892:3893:3894,3889,3890,3891,3892,3893,3894,,,,,,,,,,,,,,,,,630
631,3895:3896:3897:3898:3899:3900:3901,3895,3896,3897,3898,3899,3900,3901,,,,,,,,,,,,,,,,631
632,3902,3902,,,,,,,,,,,,,,,,,,,,,,632
633,3903:3904:3905:3906:3907,3903,3904,3905,3906,3907,,,,,,,,,,,,,,,,,,633
634,3908:3909:3910:3911:3912:3913:3914:3915:3916,3908,3909,3910,3911,3912,3913,3914,3915,3916,,,,,,,,,,,,,,634
635,3917,3917,,,,,,,,,,,,,,,,,,,,,,635
636,3918:3919:3920:3921:3922:3923:3924:3925,3918,3919,3920,3921,3922,3923,3924,3925,,,,,,,,,,,,,,,636
637,3926:3927:3928:3929:3930:3931:3932,3926,3927,3928,3929,3930,3931,3932,,,,,,,,,,,,,,,,637
638,3933,3933,,,,,,,,,,,,,,,,,,,,,,638
639,3934:3935:3936:3937:3938:3939,3934,3935,3936,3937,3938,3939,,,,,,,,,,,,,,,,,639
640,3940:3941:3942:4006:3943:3944:3945,3940,3941,3942,4006,3943,3944,3945,,,,,,,,,,,,,,,,640
641,3946,3946,,,,,,,,,,,,,,,,,,,,,,641
642,3947:3948:3949:3950:3951,3947,3948,3949,3950,3951,,,,,,,,,,,,,,,,,,642
643,3952:3953:3954:3955:3956:3957,3952,3953,3954,3955,3956,3957,,,,,,,,,,,,,,,,,643
644,3958,3958,,,,,,,,,,,,,,,,,,,,,,644
645,3959:3960:3961:3962:3963:3964:3965,3959,3960,3961,3962,3963,3964,3965,,,,,,,,,,,,,,,,645
646,3966:3967:3968:3969:3970:3971,3966,3967,3968,3969,3970,3971,,,,,,,,,,,,,,,,,646
647,3972,3972,,,,,,,,,,,,,,,,,,,,,,647
648,3973:3975:3976:3977:3978,3973,3975,3976,3977,3978,,,,,,,,,,,,,,,,,,648
649,3979:3980:3981:3982:3983:3984,3979,3980,3981,3982,3983,3984,,,,,,,,,,,,,,,,,649
650,3985:3986,3985,3986,,,,,,,,,,,,,,,,,,,,,650
651,3987:3988:3989:3990:3991:3992,3987,3988,3989,3990,3991,3992,,,,,,,,,,,,,,,,,651
652,3993:3994:3995:3996:3997:3998:3999:4000:4001:4002:4003:4004,3993,3994,3995,3996,3997,3998,3999,4000,4001,4002,4003,4004,,,,,,,,,,,652
653,4005,4005,,,,,,,,,,,,,,,,,,,,,,653
654,4007:4008:4009:4010:4011:4012,4007,4008,4009,4010,4011,4012,,,,,,,,,,,,,,,,,654
655,4013:4014:4015:4016:4017:4018,4013,4014,4015,4016,4017,4018,,,,,,,,,,,,,,,,,655
656,4019,4019,,,,,,,,,,,,,,,,,,,,,,656
657,4020:4021:4022:4023:4024,4020,4021,4022,4023,4024,,,,,,,,,,,,,,,,,,657
658,4025:4026:4027:4028:4029:4030:4031,4025,4026,4027,4028,4029,4030,4031,,,,,,,,,,,,,,,,658
659,4032,4032,,,,,,,,,,,,,,,,,,,,,,659
660,4033:4034:4035:4036:4037:4038:4039,4033,4034,4035,4036,4037,4038,4039,,,,,,,,,,,,,,,,660
661,4041:4042:4043:4044:4045:4046:4047,4041,4042,4043,4044,4045,4046,4047,,,,,,,,,,,,,,,,661
662,4048,4048,,,,,,,,,,,,,,,,,,,,,,662
664,4049:4050:4051:4052:4053,4049,4050,4051,4052,4053,,,,,,,,,,,,,,,,,,664
665,4054:4055:4056:4057:4058:4059,4054,4055,4056,4057,4058,4059,,,,,,,,,,,,,,,,,665
666,4060,4060,,,,,,,,,,,,,,,,,,,,,,666
667,4061:4062:4063:4064:4065:4066,4061,4062,4063,4064,4065,4066,,,,,,,,,,,,,,,,,667
668,4067:4068:4069:4070:4071:4072:4073:4074,4067,4068,4069,4070,4071,4072,4073,4074,,,,,,,,,,,,,,,668
669,4075,4075,,,,,,,,,,,,,,,,,,,,,,669
670,4076:4077:4078:4079:4080:4081,4076,4077,4078,4079,4080,4081,,,,,,,,,,,,,,,,,670
671,4082:4083:4084:4085:4086:4087:4088,4082,4083,4084,4085,4086,4087,4088,,,,,,,,,,,,,,,,671
672,4089,4089,,,,,,,,,,,,,,,,,,,,,,672
673,4090:4091:4092:4093:4094:4095,4090,4091,4092,4093,4094,4095,,,,,,,,,,,,,,,,,673
674,4096:4097:4098:4099:4100:4101:4102,4096,4097,4098,4099,4100,4101,4102,,,,,,,,,,,,,,,,674
675,4103:4104,4103,4104,,,,,,,,,,,,,,,,,,,,,675
676,4105:4106:4107:4108:4109:4110,4105,4106,4107,4108,4109,4110,,,,,,,,,,,,,,,,,676
677,4111:4112:4113:4114:4115,4111,4112,4113,4114,4115,,,,,,,,,,,,,,,,,,677
678,4116,4116,,,,,,,,,,,,,,,,,,,,,,678
679,4117:4118:4119:4120:4121:4122,4117,4118,4119,4120,4121,4122,,,,,,,,,,,,,,,,,679
680,4123:4124:4125:4126:4127:4128:4129:4130:4131,4123,4124,4125,4126,4127,4128,4129,4130,4131,,,,,,,,,,,,,,680
681,4132:4133,4132,4133,,,,,,,,,,,,,,,,,,,,,681
682,4134:4135:4136:4137:4138:4139,4134,4135,4136,4137,4138,4139,,,,,,,,,,,,,,,,,682
683,4140:4141:4142:4143:4144:4159:4160:4145,4140,4141,4142,4143,4144,4159,4160,4145,,,,,,,,,,,,,,,683
684,4146:4147:4247,4146,4147,4247,,,,,,,,,,,,,,,,,,,,684
685,4148:4149:4150:4151:4152:4153:4154,4148,4149,4150,4151,4152,4153,4154,,,,,,,,,,,,,,,,685
686,4155:4156:4157:4158:4161:4162,4155,4156,4157,4158,4161,4162,,,,,,,,,,,,,,,,,686
687,4165:4166:4167:4168:4169,4165,4166,4167,4168,4169,,,,,,,,,,,,,,,,,,687
688,4170:4171:4172:4173:4174:4175:4176:4177,4170,4171,4172,4173,4174,4175,4176,4177,,,,,,,,,,,,,,,688
689,4178,4178,,,,,,,,,,,,,,,,,,,,,,689
690,4179:4180:4181:4182:4183,4179,4180,4181,4182,4183,,,,,,,,,,,,,,,,,,690
691,4184:4185:4186:4187:4188,4184,4185,4186,4187,4188,,,,,,,,,,,,,,,,,,691
692,4189:4190:4191:4192:4193:4194:4195:4196:4197:4198,4189,4190,4191,4192,4193,4194,4195,4196,4197,4198,,,,,,,,,,,,,692
693,4199:4200:4201:4202:4203:4204,4199,4200,4201,4202,4203,4204,,,,,,,,,,,,,,,,,693
694,4205:4206:4207:4208:4209:4210,4205,4206,4207,4208,4209,4210,,,,,,,,,,,,,,,,,694
695,4211,4211,,,,,,,,,,,,,,,,,,,,,,695
696,4212:4213:4214:4215:4216:4217,4212,4213,4214,4215,4216,4217,,,,,,,,,,,,,,,,,696
697,4218:4219:4220:4221:4222:4223,4218,4219,4220,4221,4222,4223,,,,,,,,,,,,,,,,,697
698,4224:4225,4224,4225,,,,,,,,,,,,,,,,,,,,,698
699,4226:4227:4228:4229:4230:4231:4232:4233:4234,4226,4227,4228,4229,4230,4231,4232,4233,4234,,,,,,,,,,,,,,699
700,4235:4236:4237:4238:4239:4240:4241:4242:4243:4244,4235,4236,4237,4238,4239,4240,4241,4242,4243,4244,,,,,,,,,,,,,700
701,4245:4246,4245,4246,,,,,,,,,,,,,,,,,,,,,701
702,4248:4249:4250:4251:4252:4253:4254:4255:4256:4257,4248,4249,4250,4251,4252,4253,4254,4255,4256,4257,,,,,,,,,,,,,702
703,4258:4259:4260:4261:4262:4263:4264:4268:4269:4270:4271,4258,4259,4260,4261,4262,4263,4264,4268,4269,4270,4271,,,,,,,,,,,,703
704,4272:4273:4274:4275:4276:4277:4278,4272,4273,4274,4275,4276,4277,4278,,,,,,,,,,,,,,,,704
705,4279:4280:4281:4282:4283:4284:4285:4286,4279,4280,4281,4282,4283,4284,4285,4286,,,,,,,,,,,,,,,705
706,4287:4288:4290:4305:4289:4306:4291:4307:4308,4287,4288,4290,4305,4289,4306,4291,4307,4308,,,,,,,,,,,,,,706
707,4292:4293:4294:4304:4295:4296,4292,4293,4294,4304,4295,4296,,,,,,,,,,,,,,,,,707
708,4297:4298:4299:4300:4301:4302,4297,4298,4299,4300,4301,4302,,,,,,,,,,,,,,,,,708
709,4303,4303,,,,,,,,,,,,,,,,,,,,,,709
710,4309:4310:4311:4312:4313:4314:4315:4316:4317:4318:4319,4309,4310,4311,4312,4313,4314,4315,4316,4317,4318,4319,,,,,,,,,,,,710
711,4320:4321:4322:4323:4324:4473:4325,4320,4321,4322,4323,4324,4473,4325,,,,,,,,,,,,,,,,711
712,4326:4327:4328:4329:4330:4331:4332,4326,4327,4328,4329,4330,4331,4332,,,,,,,,,,,,,,,,712
713,4333,4333,,,,,,,,,,,,,,,,,,,,,,713
714,4334:4335:4336:4337:4338:4339:4340:4341:4342:4343:4344:4345,4334,4335,4336,4337,4338,4339,4340,4341,4342,4343,4344,4345,,,,,,,,,,,714
715,4346:4347:4359:4348:4350:4349,4346,4347,4359,4348,4350,4349,,,,,,,,,,,,,,,,,715
716,4351:4352:4353:4354:4355:4356:4360:4357,4351,4352,4353,4354,4355,4356,4360,4357,,,,,,,,,,,,,,,716
717,4358,4358,,,,,,,,,,,,,,,,,,,,,,717
718,4361:4362:4363:4364:4365:4366,4361,4362,4363,4364,4365,4366,,,,,,,,,,,,,,,,,718
719,4367:4368:4369:4370:4371:4372,4367,4368,4369,4370,4371,4372,,,,,,,,,,,,,,,,,719
720,4373,4373,,,,,,,,,,,,,,,,,,,,,,720
721,4374:4375:4376:4377:4378:4379,4374,4375,4376,4377,4378,4379,,,,,,,,,,,,,,,,,721
722,4380:4381:4382:4383:4384:4385:4386:4387:4388:4389:4390:4391:4392:4393:4394,4380,4381,4382,4383,4384,4385,4386,4387,4388,4389,4390,4391,4392,4393,4394,,,,,,,,722
723,4395,4395,,,,,,,,,,,,,,,,,,,,,,723
724,4396:4397:4398:4399:4400:4401,4396,4397,4398,4399,4400,4401,,,,,,,,,,,,,,,,,724
725,4402:4403:4404:4405:4406:4407,4402,4403,4404,4405,4406,4407,,,,,,,,,,,,,,,,,725
726,4408,4408,,,,,,,,,,,,,,,,,,,,,,726
727,4409:4410:4411:4412:4413:4414:4415,4409,4410,4411,4412,4413,4414,4415,,,,,,,,,,,,,,,,727
728,4416:4417:4418:4419:4420:4421:4422:4423:4427,4416,4417,4418,4419,4420,4421,4422,4423,4427,,,,,,,,,,,,,,728
729,4424,4424,,,,,,,,,,,,,,,,,,,,,,729
730,4425:4426,4425,4426,,,,,,,,,,,,,,,,,,,,,730
731,4428:4429:4430:4431:4432:4433,4428,4429,4430,4431,4432,4433,,,,,,,,,,,,,,,,,731
732,4434:4435:4436:4471:4437:4438:4439:4472,4434,4435,4436,4471,4437,4438,4439,4472,,,,,,,,,,,,,,,732
733,4440,4440,,,,,,,,,,,,,,,,,,,,,,733
734,4441:4442:4443:4444:4445:4446,4441,4442,4443,4444,4445,4446,,,,,,,,,,,,,,,,,734
735,4447:4448:4449:4450:4451:4452:4453:4454,4447,4448,4449,4450,4451,4452,4453,4454,,,,,,,,,,,,,,,735
736,4455,4455,,,,,,,,,,,,,,,,,,,,,,736
737,4456:4457:4458:4459:4460:4461:4462,4456,4457,4458,4459,4460,4461,4462,,,,,,,,,,,,,,,,737
738,4463:4464:4465:4466:4467:4468:4469,4463,4464,4465,4466,4467,4468,4469,,,,,,,,,,,,,,,,738
739,4470,4470,,,,,,,,,,,,,,,,,,,,,,739
740,4474:4475:4476:4477:4478:4479:4480:4552:4481:4482:4483,4474,4475,4476,4477,4478,4479,4480,4552,4481,4482,4483,,,,,,,,,,,,740
741,4484:4485:4486:4487:4488:4489,4484,4485,4486,4487,4488,4489,,,,,,,,,,,,,,,,,741
742,4490:4491:4492:4493:4494,4490,4491,4492,4493,4494,,,,,,,,,,,,,,,,,,742
743,4495,4495,,,,,,,,,,,,,,,,,,,,,,743
744,4496:4497:4498:4499:4500,4496,4497,4498,4499,4500,,,,,,,,,,,,,,,,,,744
745,4501:4502:4503:4504:4505:4506:4507:4508,4501,4502,4503,4504,4505,4506,4507,4508,,,,,,,,,,,,,,,745
746,4509,4509,,,,,,,,,,,,,,,,,,,,,,746
747,4510:4511:4512:4513:4514:4515,4510,4511,4512,4513,4514,4515,,,,,,,,,,,,,,,,,747
748,4516:4517:4518:4519:4520:4521:4522,4516,4517,4518,4519,4520,4521,4522,,,,,,,,,,,,,,,,748
749,4523,4523,,,,,,,,,,,,,,,,,,,,,,749
750,4524:4525:4526:4527,4524,4525,4526,4527,,,,,,,,,,,,,,,,,,,750
751,4528:4529:4530:4531:4532:4533:4534,4528,4529,4530,4531,4532,4533,4534,,,,,,,,,,,,,,,,751
752,4535,4535,,,,,,,,,,,,,,,,,,,,,,752
753,4536:4537:4538:4539:4540:4541:4542,4536,4537,4538,4539,4540,4541,4542,,,,,,,,,,,,,,,,753
754,4543:4544:4545:4546:4547:4548:4549:4550,4543,4544,4545,4546,4547,4548,4549,4550,,,,,,,,,,,,,,,754
755,4551,4551,,,,,,,,,,,,,,,,,,,,,,755
756,4553:4554:4555:4556:4557,4553,4554,4555,4556,4557,,,,,,,,,,,,,,,,,,756
757,4558:4559:4560:4561:4562:4563:4564:4565,4558,4559,4560,4561,4562,4563,4564,4565,,,,,,,,,,,,,,,757
758,4566,4566,,,,,,,,,,,,,,,,,,,,,,758
759,4567:4568:4569:4570:4571:4572,4567,4568,4569,4570,4571,4572,,,,,,,,,,,,,,,,,759
760,4573:4574:4575:4576:4577:4578,4573,4574,4575,4576,4577,4578,,,,,,,,,,,,,,,,,760
761,4579:4580,4579,4580,,,,,,,,,,,,,,,,,,,,,761
762,4581:4582:4583:4584:4585:4586:4587,4581,4582,4583,4584,4585,4586,4587,,,,,,,,,,,,,,,,762
763,4588:4589:4590:4591:4592:4593:4594:4595,4588,4589,4590,4591,4592,4593,4594,4595,,,,,,,,,,,,,,,763
764,4596,4596,,,,,,,,,,,,,,,,,,,,,,764
765,4597:4598:4599:4600:4601:4602:4603:4604:4605:4606:4607,4597,4598,4599,4600,4601,4602,4603,4604,4605,4606,4607,,,,,,,,,,,,765
766,4608:4609:4610:4611:4616:4618:4612:4613:4614:4617,4608,4609,4610,4611,4616,4618,4612,4613,4614,4617,,,,,,,,,,,,,766
767,4615,4615,,,,,,,,,,,,,,,,,,,,,,767
768,4619:4620:4621:4622:4623:4624:4625,4619,4620,4621,4622,4623,4624,4625,,,,,,,,,,,,,,,,768
769,4626:4627:4628:4629:4630:4631:4632,4626,4627,4628,4629,4630,4631,4632,,,,,,,,,,,,,,,,769
770,4633,4633,,,,,,,,,,,,,,,,,,,,,,770
771,4634:4635:4636:4637:4638:4639,4634,4635,4636,4637,4638,4639,,,,,,,,,,,,,,,,,771
772,4640:4641:4642:4643:4644:4645:4646,4640,4641,4642,4643,4644,4645,4646,,,,,,,,,,,,,,,,772
773,4647:4648,4647,4648,,,,,,,,,,,,,,,,,,,,,773
774,4649:4650:4651:4652:4653:4654:4655:4656,4649,4650,4651,4652,4653,4654,4655,4656,,,,,,,,,,,,,,,774
775,4657:4658:4659:4660:4661:4662:4663:4664,4657,4658,4659,4660,4661,4662,4663,4664,,,,,,,,,,,,,,,775
776,4665:4666:4667:4668:4669:4670:4671:4672,4665,4666,4667,4668,4669,4670,4671,4672,,,,,,,,,,,,,,,776
777,4673:4674:4675:4676,4673,4674,4675,4676,,,,,,,,,,,,,,,,,,,777
778,4677:4678:4679:4680:4681:4682:4683,4677,4678,4679,4680,4681,4682,4683,,,,,,,,,,,,,,,,778
779,4684,4684,,,,,,,,,,,,,,,,,,,,,,779
780,4685:4686:4687:4688:4689:4690:4691,4685,4686,4687,4688,4689,4690,4691,,,,,,,,,,,,,,,,780
781,4692:4693:4694:4695:4696:4697:4698:4699:4700:4701:4702,4692,4693,4694,4695,4696,4697,4698,4699,4700,4701,4702,,,,,,,,,,,,781
782,4703,4703,,,,,,,,,,,,,,,,,,,,,,782
783,4704:4705:4706:4707:4708:4709,4704,4705,4706,4707,4708,4709,,,,,,,,,,,,,,,,,783
784,4710:4711:4712:4713:4714:4715:4716,4710,4711,4712,4713,4714,4715,4716,,,,,,,,,,,,,,,,784
785,4717,4717,,,,,,,,,,,,,,,,,,,,,,785
786,4718:4719:4720:4721:4722:4723:4724,4718,4719,4720,4721,4722,4723,4724,,,,,,,,,,,,,,,,786
787,4725:4726:4727:4728:4729:4730:4731:4732:4733:4734,4725,4726,4727,4728,4729,4730,4731,4732,4733,4734,,,,,,,,,,,,,787
788,4735:4736,4735,4736,,,,,,,,,,,,,,,,,,,,,788
789,4737:4738:4739:4740:4741:4742,4737,4738,4739,4740,4741,4742,,,,,,,,,,,,,,,,,789
790,4743:4744:4745:4746:4747:4748:4749:4750,4743,4744,4745,4746,4747,4748,4749,4750,,,,,,,,,,,,,,,790
791,4751,4751,,,,,,,,,,,,,,,,,,,,,,791
792,4752,4752,,,,,,,,,,,,,,,,,,,,,,792
793,4753:4754:4755:4756:4757:4758:4759,4753,4754,4755,4756,4757,4758,4759,,,,,,,,,,,,,,,,793
794,4760:4761:4762:4763:4764:4765:4766:4767,4760,4761,4762,4763,4764,4765,4766,4767,,,,,,,,,,,,,,,794
795,4768,4768,,,,,,,,,,,,,,,,,,,,,,795
796,4769:4770:4771:4772:4773:4774:4775,4769,4770,4771,4772,4773,4774,4775,,,,,,,,,,,,,,,,796
797,4776:4777:4778:4779:4780:4781:4782,4776,4777,4778,4779,4780,4781,4782,,,,,,,,,,,,,,,,797
798,4783,4783,,,,,,,,,,,,,,,,,,,,,,798
799,4784:4785:4786:4787:4788:4789:4790,4784,4785,4786,4787,4788,4789,4790,,,,,,,,,,,,,,,,799
800,4791:4792:4793:4794:4795:4796:4797,4791,4792,4793,4794,4795,4796,4797,,,,,,,,,,,,,,,,800
801,4798,4798,,,,,,,,,,,,,,,,,,,,,,801
802,4799:4800:4801:4802:4803:4804:4805,4799,4800,4801,4802,4803,4804,4805,,,,,,,,,,,,,,,,802
803,4806:4807:4808:4809:4810:4811:4812:4813:4814,4806,4807,4808,4809,4810,4811,4812,4813,4814,,,,,,,,,,,,,,803
804,4815:4816:4833,4815,4816,4833,,,,,,,,,,,,,,,,,,,,804
805,4818:4819:4820:4821:4822:4823:4824:4825,4818,4819,4820,4821,4822,4823,4824,4825,,,,,,,,,,,,,,,805
806,4826:4827:4828:4829:4830:4831:4832,4826,4827,4828,4829,4830,4831,4832,,,,,,,,,,,,,,,,806
807,4834:4835:4836:4837:4838:4839:4840,4834,4835,4836,4837,4838,4839,4840,,,,,,,,,,,,,,,,807
808,4841:4842:4843:4844:4845:4846:4847:4848,4841,4842,4843,4844,4845,4846,4847,4848,,,,,,,,,,,,,,,808
809,4849:4850:4851:4852:4853:4854:4855,4849,4850,4851,4852,4853,4854,4855,,,,,,,,,,,,,,,,809
810,4856:4857:4858:4859:4860:4861,4856,4857,4858,4859,4860,4861,,,,,,,,,,,,,,,,,810
811,4862:4863:4864:4865:4866:4867,4862,4863,4864,4865,4866,4867,,,,,,,,,,,,,,,,,811
812,4868:4869,4868,4869,,,,,,,,,,,,,,,,,,,,,812
813,4870:4871:4872:4873:4874:4875,4870,4871,4872,4873,4874,4875,,,,,,,,,,,,,,,,,813
814,4876:4877:4878:4879:4880:4881:4882:4883,4876,4877,4878,4879,4880,4881,4882,4883,,,,,,,,,,,,,,,814
815,4884,4884,,,,,,,,,,,,,,,,,,,,,,815
816,4885:4886:4887:4888:4889:4890:4891:4892:4893,4885,4886,4887,4888,4889,4890,4891,4892,4893,,,,,,,,,,,,,,816
817,4894:4895:4896:4897:4898:4899:4900:4901,4894,4895,4896,4897,4898,4899,4900,4901,,,,,,,,,,,,,,,817
818,4905:4906:4907:4908:4909:4910:4911,4905,4906,4907,4908,4909,4910,4911,,,,,,,,,,,,,,,,818
819,4912:4913:4914:4915:4916:4917,4912,4913,4914,4915,4916,4917,,,,,,,,,,,,,,,,,819
820,4918,4918,,,,,,,,,,,,,,,,,,,,,,820
821,4902:4903:4904,4902,4903,4904,,,,,,,,,,,,,,,,,,,,821
822,4919:4920:4921:4922:4923:4924:4925:4926:4927:4928:4929:4930,4919,4920,4921,4922,4923,4924,4925,4926,4927,4928,4929,4930,,,,,,,,,,,822
823,4931:4932,4931,4932,,,,,,,,,,,,,,,,,,,,,823
824,4933:4934:4935:4936:4937:4938,4933,4934,4935,4936,4937,4938,,,,,,,,,,,,,,,,,824
825,4939:4940:4941:4942:4943:4944:4945,4939,4940,4941,4942,4943,4944,4945,,,,,,,,,,,,,,,,825
826,4946,4946,,,,,,,,,,,,,,,,,,,,,,826
827,4947:4948:4949:4950:4951,4947,4948,4949,4950,4951,,,,,,,,,,,,,,,,,,827
828,4952:4953:4954:4955:4956:4957:4958,4952,4953,4954,4955,4956,4957,4958,,,,,,,,,,,,,,,,828
829,4959:4960:4961:4962:4963:4964,4959,4960,4961,4962,4963,4964,,,,,,,,,,,,,,,,,829
830,4965:4971:4966:4967:4968:4969,4965,4971,4966,4967,4968,4969,,,,,,,,,,,,,,,,,830
831,4970,4970,,,,,,,,,,,,,,,,,,,,,,831
832,4972:4973:4974:4975:4976:4977:4978:4979:4980:4981:4982,4972,4973,4974,4975,4976,4977,4978,4979,4980,4981,4982,,,,,,,,,,,,832
833,4983:4984:4985:4986:4987:4988:4989:4990,4983,4984,4985,4986,4987,4988,4989,4990,,,,,,,,,,,,,,,833
834,4991:4992:4993:4994:4995:4996,4991,4992,4993,4994,4995,4996,,,,,,,,,,,,,,,,,834
835,4997:4998:4999:5000:5001:5002,4997,4998,4999,5000,5001,5002,,,,,,,,,,,,,,,,,835
836,5003,5003,,,,,,,,,,,,,,,,,,,,,,836
837,5004:5005:5006:5007:5018:5008:5009,5004,5005,5006,5007,5018,5008,5009,,,,,,,,,,,,,,,,837
838,5010:5011:5012:5013:5014:5015:5016,5010,5011,5012,5013,5014,5015,5016,,,,,,,,,,,,,,,,838
839,5017,5017,,,,,,,,,,,,,,,,,,,,,,839
840,5019:5020:5021:5022:5023,5019,5020,5021,5022,5023,,,,,,,,,,,,,,,,,,840
841,5024:5025:5026:5027:5028:5029,5024,5025,5026,5027,5028,5029,,,,,,,,,,,,,,,,,841
842,5030,5030,,,,,,,,,,,,,,,,,,,,,,842
843,5031:5032:5033:5034:5035:5036:5037:5038,5031,5032,5033,5034,5035,5036,5037,5038,,,,,,,,,,,,,,,843
844,5039:5040:5041:5042:5043:5044,5039,5040,5041,5042,5043,5044,,,,,,,,,,,,,,,,,844
845,5045:5046,5045,5046,,,,,,,,,,,,,,,,,,,,,845
846,5047:5048:5049:5050:5051,5047,5048,5049,5050,5051,,,,,,,,,,,,,,,,,,846
847,5052:5053:5055:5056:5057:5058:5059,5052,5053,5055,5056,5057,5058,5059,,,,,,,,,,,,,,,,847
848,5060,5060,,,,,,,,,,,,,,,,,,,,,,848
849,5061:5062:5063:5064:5065:5066:5067:5068:5069:5070:5071,5061,5062,5063,5064,5065,5066,5067,5068,5069,5070,5071,,,,,,,,,,,,849
850,5072:5073:5074:5075:5076:5077:5078:5079,5072,5073,5074,5075,5076,5077,5078,5079,,,,,,,,,,,,,,,850
851,5080:5081:5082:5083:5084,5080,5081,5082,5083,5084,,,,,,,,,,,,,,,,,,851
852,5085,5085,,,,,,,,,,,,,,,,,,,,,,852
853,5086,5086,,,,,,,,,,,,,,,,,,,,,,853
854,5087:5088:5089:5090:5091:5092:5093,5087,5088,5089,5090,5091,5092,5093,,,,,,,,,,,,,,,,854
855,5094:5095:5096:5097:5098:5099,5094,5095,5096,5097,5098,5099,,,,,,,,,,,,,,,,,855
856,5100,5100,,,,,,,,,,,,,,,,,,,,,,856
857,5101:5102:5103:5104:5105:5106:5107,5101,5102,5103,5104,5105,5106,5107,,,,,,,,,,,,,,,,857
858,5108:5109:5110:5111:5112:5113:5114:5115:5116,5108,5109,5110,5111,5112,5113,5114,5115,5116,,,,,,,,,,,,,,858
859,5117,5117,,,,,,,,,,,,,,,,,,,,,,859
860,5118:5119:5120:5121:5122:5123,5118,5119,5120,5121,5122,5123,,,,,,,,,,,,,,,,,860
861,5124:5125:5126:5127:5128:5129:5130:5131,5124,5125,5126,5127,5128,5129,5130,5131,,,,,,,,,,,,,,,861
862,5132,5132,,,,,,,,,,,,,,,,,,,,,,862
863,5133:5134:5135:5136:5137:5138,5133,5134,5135,5136,5137,5138,,,,,,,,,,,,,,,,,863
864,5139:5140:5141:5142:5143:5144:5145,5139,5140,5141,5142,5143,5144,5145,,,,,,,,,,,,,,,,864
865,5146,5146,,,,,,,,,,,,,,,,,,,,,,865
866,5147:5148:5149:5150:5151:5152,5147,5148,5149,5150,5151,5152,,,,,,,,,,,,,,,,,866
867,5153:5154:5155:5156:5157:5158:5159,5153,5154,5155,5156,5157,5158,5159,,,,,,,,,,,,,,,,867
868,5160,5160,,,,,,,,,,,,,,,,,,,,,,868
869,5161:5162:5163:5164:5165:5166,5161,5162,5163,5164,5165,5166,,,,,,,,,,,,,,,,,869
870,5167:5168:5169:5170:5171:5172,5167,5168,5169,5170,5171,5172,,,,,,,,,,,,,,,,,870
871,5173,5173,,,,,,,,,,,,,,,,,,,,,,871
872,5174:5175:5176:5177:5178:5179,5174,5175,5176,5177,5178,5179,,,,,,,,,,,,,,,,,872
873,5180:5181:5182:5183:5184:5185,5180,5181,5182,5183,5184,5185,,,,,,,,,,,,,,,,,873
874,5186,5186,,,,,,,,,,,,,,,,,,,,,,874
875,5187:5188:5189:5190:5191:5192:5193,5187,5188,5189,5190,5191,5192,5193,,,,,,,,,,,,,,,,875
876,5194:5195:5196:5197:5198:5199,5194,5195,5196,5197,5198,5199,,,,,,,,,,,,,,,,,876
877,5200:5201,5200,5201,,,,,,,,,,,,,,,,,,,,,877
878,5202:5203:5204:5205:5206:5207,5202,5203,5204,5205,5206,5207,,,,,,,,,,,,,,,,,878
879,5208:5209:5210:5211:5212:5213:5214,5208,5209,5210,5211,5212,5213,5214,,,,,,,,,,,,,,,,879
880,5215,5215,,,,,,,,,,,,,,,,,,,,,,880
881,5216:5217:5218:5219:5220:5221:5222,5216,5217,5218,5219,5220,5221,5222,,,,,,,,,,,,,,,,881
882,5223:5224:5225:5226:5227:5228:5229,5223,5224,5225,5226,5227,5228,5229,,,,,,,,,,,,,,,,882
883,5230,5230,,,,,,,,,,,,,,,,,,,,,,883
884,5231:5232:5233:5234:5235:5236,5231,5232,5233,5234,5235,5236,,,,,,,,,,,,,,,,,884
885,5237:5238:5239:5240:5241:5242:5243:5244,5237,5238,5239,5240,5241,5242,5243,5244,,,,,,,,,,,,,,,885
886,5245,5245,,,,,,,,,,,,,,,,,,,,,,886
887,5246:5247:5248:5249:5250:5251:5252,5246,5247,5248,5249,5250,5251,5252,,,,,,,,,,,,,,,,887
888,5253:5254:5255:5256:5257:5258:5259,5253,5254,5255,5256,5257,5258,5259,,,,,,,,,,,,,,,,888
889,5260,5260,,,,,,,,,,,,,,,,,,,,,,889
890,5261:5262:5263:5264:5265:5266,5261,5262,5263,5264,5265,5266,,,,,,,,,,,,,,,,,890
891,5267:5268:5269:5270:5271:5272:5273:5274:5275,5267,5268,5269,5270,5271,5272,5273,5274,5275,,,,,,,,,,,,,,891
892,5276:5277,5276,5277,,,,,,,,,,,,,,,,,,,,,892
893,5278:5279:5280:5281:5282:5283:5284,5278,5279,5280,5281,5282,5283,5284,,,,,,,,,,,,,,,,893
894,5285:5286:5287:5288:5289:5290:5291,5285,5286,5287,5288,5289,5290,5291,,,,,,,,,,,,,,,,894
895,5292:5293,5292,5293,,,,,,,,,,,,,,,,,,,,,895
896,5294:5295:5296:5297:5298:5299:5300,5294,5295,5296,5297,5298,5299,5300,,,,,,,,,,,,,,,,896
897,5301:5302:5303:5304:5305:5306:5307,5301,5302,5303,5304,5305,5306,5307,,,,,,,,,,,,,,,,897
898,5308,5308,,,,,,,,,,,,,,,,,,,,,,898
899,5310:5311:5312:5313:5314:5315:5316,5310,5311,5312,5313,5314,5315,5316,,,,,,,,,,,,,,,,899
900,5317:5318:5319:5320:5321:5322,5317,5318,5319,5320,5321,5322,,,,,,,,,,,,,,,,,900
901,5323,5323,,,,,,,,,,,,,,,,,,,,,,901
902,5324:5325:5326:5327:5328:5329:5330,5324,5325,5326,5327,5328,5329,5330,,,,,,,,,,,,,,,,902
903,5331:5332:5333:5334:5335:5336:5337,5331,5332,5333,5334,5335,5336,5337,,,,,,,,,,,,,,,,903
904,5338:5339:5340:5341:5342:5343:5344,5338,5339,5340,5341,5342,5343,5344,,,,,,,,,,,,,,,,904
905,5345:5346,5345,5346,,,,,,,,,,,,,,,,,,,,,905
906,5347:5348:5349:5350:5351:5352:5353,5347,5348,5349,5350,5351,5352,5353,,,,,,,,,,,,,,,,906
907,5354:5355:5356:5357:5358:5359:5374,5354,5355,5356,5357,5358,5359,5374,,,,,,,,,,,,,,,,907
908,5360,5360,,,,,,,,,,,,,,,,,,,,,,908
909,5361:5362:5363:5364:5365:5366,5361,5362,5363,5364,5365,5366,,,,,,,,,,,,,,,,,909
910,5367:5368:5369:5370:5371:5372,5367,5368,5369,5370,5371,5372,,,,,,,,,,,,,,,,,910
911,5373,5373,,,,,,,,,,,,,,,,,,,,,,911
912,5375:5376:5377:5378:5379:5380:5381,5375,5376,5377,5378,5379,5380,5381,,,,,,,,,,,,,,,,912
913,5382:5383:5384:5385:5386:5387:5388:5389:5390,5382,5383,5384,5385,5386,5387,5388,5389,5390,,,,,,,,,,,,,,913
914,5391:5392,5391,5392,,,,,,,,,,,,,,,,,,,,,914
915,5393:5394:5395:5396:5397:5398:5399:5400:5401,5393,5394,5395,5396,5397,5398,5399,5400,5401,,,,,,,,,,,,,,915
916,5402:5403:5404:5405:5406:5407:5408:5409:5410,5402,5403,5404,5405,5406,5407,5408,5409,5410,,,,,,,,,,,,,,916
917,5411:5412:5413:5414:5415:5416,5411,5412,5413,5414,5415,5416,,,,,,,,,,,,,,,,,917
918,5417:5418:5419:5420:5421:5422:5423:5424,5417,5418,5419,5420,5421,5422,5423,5424,,,,,,,,,,,,,,,918
919,5425,5425,,,,,,,,,,,,,,,,,,,,,,919
